--
-- PostgreSQL database dump
--

\restrict K1WTEXRw2fCed4SopwJ8nUTAolDVPFsT91miP0tkMMzxG0FcP92wXPuSmuQfDXr

-- Dumped from database version 17.9
-- Dumped by pg_dump version 17.9

SET statement_timeout = 0;
SET lock_timeout = 0;
SET idle_in_transaction_session_timeout = 0;
SET transaction_timeout = 0;
SET client_encoding = 'UTF8';
SET standard_conforming_strings = on;
SELECT pg_catalog.set_config('search_path', '', false);
SET check_function_bodies = false;
SET xmloption = content;
SET client_min_messages = warning;
SET row_security = off;

--
-- Name: orderstatus; Type: TYPE; Schema: public; Owner: -
--

CREATE TYPE public.orderstatus AS ENUM (
    'new',
    'processing',
    'shipped',
    'delivered',
    'cancelled'
);


--
-- Name: userrole; Type: TYPE; Schema: public; Owner: -
--

CREATE TYPE public.userrole AS ENUM (
    'superadmin',
    'admin',
    'manager',
    'warehouse',
    'customer'
);


SET default_tablespace = '';

SET default_table_access_method = heap;

--
-- Name: alembic_version; Type: TABLE; Schema: public; Owner: -
--

CREATE TABLE public.alembic_version (
    version_num character varying(32) NOT NULL
);


--
-- Name: order_items; Type: TABLE; Schema: public; Owner: -
--

CREATE TABLE public.order_items (
    id integer NOT NULL,
    order_id integer NOT NULL,
    product_name character varying(500) NOT NULL,
    qty integer NOT NULL,
    price numeric(10,2) NOT NULL,
    product_id integer
);


--
-- Name: order_items_id_seq; Type: SEQUENCE; Schema: public; Owner: -
--

CREATE SEQUENCE public.order_items_id_seq
    AS integer
    START WITH 1
    INCREMENT BY 1
    NO MINVALUE
    NO MAXVALUE
    CACHE 1;


--
-- Name: order_items_id_seq; Type: SEQUENCE OWNED BY; Schema: public; Owner: -
--

ALTER SEQUENCE public.order_items_id_seq OWNED BY public.order_items.id;


--
-- Name: orders; Type: TABLE; Schema: public; Owner: -
--

CREATE TABLE public.orders (
    id integer NOT NULL,
    user_id integer,
    status public.orderstatus NOT NULL,
    total numeric(10,2) NOT NULL,
    promo_code character varying(50),
    discount numeric(10,2),
    name character varying(255) NOT NULL,
    surname character varying(255) NOT NULL,
    phone character varying(50) NOT NULL,
    email character varying(255) NOT NULL,
    address text NOT NULL,
    comment text,
    payment_method character varying(100) NOT NULL,
    delivery_method character varying(100) NOT NULL,
    payment_status character varying(50),
    created_at timestamp without time zone NOT NULL,
    promo_code_id integer
);


--
-- Name: orders_id_seq; Type: SEQUENCE; Schema: public; Owner: -
--

CREATE SEQUENCE public.orders_id_seq
    AS integer
    START WITH 1
    INCREMENT BY 1
    NO MINVALUE
    NO MAXVALUE
    CACHE 1;


--
-- Name: orders_id_seq; Type: SEQUENCE OWNED BY; Schema: public; Owner: -
--

ALTER SEQUENCE public.orders_id_seq OWNED BY public.orders.id;


--
-- Name: product_reviews; Type: TABLE; Schema: public; Owner: -
--

CREATE TABLE public.product_reviews (
    id integer NOT NULL,
    product_id integer NOT NULL,
    user_id integer NOT NULL,
    rating integer NOT NULL,
    comment text,
    created_at timestamp without time zone NOT NULL
);


--
-- Name: product_reviews_id_seq; Type: SEQUENCE; Schema: public; Owner: -
--

CREATE SEQUENCE public.product_reviews_id_seq
    AS integer
    START WITH 1
    INCREMENT BY 1
    NO MINVALUE
    NO MAXVALUE
    CACHE 1;


--
-- Name: product_reviews_id_seq; Type: SEQUENCE OWNED BY; Schema: public; Owner: -
--

ALTER SEQUENCE public.product_reviews_id_seq OWNED BY public.product_reviews.id;


--
-- Name: products; Type: TABLE; Schema: public; Owner: -
--

CREATE TABLE public.products (
    id integer NOT NULL,
    name character varying(500) NOT NULL,
    price numeric(10,2) NOT NULL,
    old_price numeric(10,2),
    img text,
    badge character varying(50),
    category character varying(100) NOT NULL,
    stock integer NOT NULL,
    created_at timestamp without time zone NOT NULL,
    ai_description text,
    ai_generated_at timestamp without time zone,
    ai_specs json
);


--
-- Name: products_id_seq; Type: SEQUENCE; Schema: public; Owner: -
--

CREATE SEQUENCE public.products_id_seq
    AS integer
    START WITH 1
    INCREMENT BY 1
    NO MINVALUE
    NO MAXVALUE
    CACHE 1;


--
-- Name: products_id_seq; Type: SEQUENCE OWNED BY; Schema: public; Owner: -
--

ALTER SEQUENCE public.products_id_seq OWNED BY public.products.id;


--
-- Name: promo_codes; Type: TABLE; Schema: public; Owner: -
--

CREATE TABLE public.promo_codes (
    id integer NOT NULL,
    code character varying(50) NOT NULL,
    discount_percent integer,
    discount_amount numeric(10,2),
    max_uses integer,
    used_count integer,
    is_active boolean,
    expires_at timestamp without time zone,
    created_at timestamp without time zone
);


--
-- Name: promo_codes_id_seq; Type: SEQUENCE; Schema: public; Owner: -
--

CREATE SEQUENCE public.promo_codes_id_seq
    AS integer
    START WITH 1
    INCREMENT BY 1
    NO MINVALUE
    NO MAXVALUE
    CACHE 1;


--
-- Name: promo_codes_id_seq; Type: SEQUENCE OWNED BY; Schema: public; Owner: -
--

ALTER SEQUENCE public.promo_codes_id_seq OWNED BY public.promo_codes.id;


--
-- Name: users; Type: TABLE; Schema: public; Owner: -
--

CREATE TABLE public.users (
    id integer NOT NULL,
    name character varying(255) NOT NULL,
    email character varying(255) NOT NULL,
    phone character varying(50),
    password_hash character varying(255) NOT NULL,
    role public.userrole NOT NULL,
    created_at timestamp without time zone NOT NULL,
    is_verified boolean DEFAULT false NOT NULL,
    verification_token character varying(255),
    token_expires_at timestamp without time zone
);


--
-- Name: users_id_seq; Type: SEQUENCE; Schema: public; Owner: -
--

CREATE SEQUENCE public.users_id_seq
    AS integer
    START WITH 1
    INCREMENT BY 1
    NO MINVALUE
    NO MAXVALUE
    CACHE 1;


--
-- Name: users_id_seq; Type: SEQUENCE OWNED BY; Schema: public; Owner: -
--

ALTER SEQUENCE public.users_id_seq OWNED BY public.users.id;


--
-- Name: order_items id; Type: DEFAULT; Schema: public; Owner: -
--

ALTER TABLE ONLY public.order_items ALTER COLUMN id SET DEFAULT nextval('public.order_items_id_seq'::regclass);


--
-- Name: orders id; Type: DEFAULT; Schema: public; Owner: -
--

ALTER TABLE ONLY public.orders ALTER COLUMN id SET DEFAULT nextval('public.orders_id_seq'::regclass);


--
-- Name: product_reviews id; Type: DEFAULT; Schema: public; Owner: -
--

ALTER TABLE ONLY public.product_reviews ALTER COLUMN id SET DEFAULT nextval('public.product_reviews_id_seq'::regclass);


--
-- Name: products id; Type: DEFAULT; Schema: public; Owner: -
--

ALTER TABLE ONLY public.products ALTER COLUMN id SET DEFAULT nextval('public.products_id_seq'::regclass);


--
-- Name: promo_codes id; Type: DEFAULT; Schema: public; Owner: -
--

ALTER TABLE ONLY public.promo_codes ALTER COLUMN id SET DEFAULT nextval('public.promo_codes_id_seq'::regclass);


--
-- Name: users id; Type: DEFAULT; Schema: public; Owner: -
--

ALTER TABLE ONLY public.users ALTER COLUMN id SET DEFAULT nextval('public.users_id_seq'::regclass);


--
-- Data for Name: alembic_version; Type: TABLE DATA; Schema: public; Owner: -
--

COPY public.alembic_version (version_num) FROM stdin;
3dbefb22beeb
\.


--
-- Data for Name: order_items; Type: TABLE DATA; Schema: public; Owner: -
--

COPY public.order_items (id, order_id, product_name, qty, price, product_id) FROM stdin;
67	27	Apple Watch Series 11 GPS 46mm Silver Purple Fog	3	18099.00	56
63	26	Apple Watch Series 11 GPS 46mm Silver Purple Fog	1	18099.00	56
17	6	Apple Watch Series 11 GPS 46mm Silver Purple Fog	2	18099.00	56
88	32	Apple iPhone 17 256GB Lavender	1	41399.00	3
8	4	Apple iPhone 17 256GB Lavender	1	41399.00	3
93	34	MacBook Air 13 M4 Silver 256GB	3	50599.00	16
92	34	MacBook Air 13 M4 Starlight 24GB RAM 512GB	3	67699.00	21
54	23	MacBook Air 13 M4 Starlight 24GB RAM 512GB	1	67699.00	21
36	16	MacBook Air 13 M4 Starlight 24GB RAM 512GB	3	67699.00	21
14	6	Apple iPad 11 128GB Wi-Fi Blue	2	16699.00	25
31	14	Apple iPad 11 256GB Wi-Fi Pink	1	22999.00	31
13	5	Apple iPad 11 256GB Wi-Fi Pink	2	22999.00	31
18	7	Apple iPad 11 256GB Wi-Fi Yellow	1	22999.00	32
32	14	Apple iPad 11 128GB Wi-Fi+LTE Silver	3	24799.00	34
53	23	Apple iPad 11 256GB Wi-Fi+LTE Blue	3	29499.00	35
43	19	Apple iPad 11 256GB Wi-Fi+LTE Silver	1	29799.00	36
35	16	AirPods Pro 2 USB-C MagSafe (2023)	3	8799.00	37
23	10	AirPods Pro 2 USB-C MagSafe (2023)	3	8799.00	37
71	28	Apple AirPods Pro 3 (2025)	2	10999.00	38
66	27	Apple AirPods 3 with Lightning Case	1	5799.00	47
33	14	Apple Watch Series 11 GPS 42mm Jet Black	3	16699.00	51
69	28	Apple Watch Series 11 GPS 46mm Rose Gold	1	17299.00	52
21	9	Apple Watch Series 11 GPS 42mm Silver Purple Fog	2	16899.00	53
24	10	Apple Watch Series 11 GPS 42mm Space Gray	3	16499.00	55
37	16	Apple Watch Series 11 GPS 42mm Jet Black M/L	2	16699.00	57
74	30	Монітор MSI 23.6" MAG 244C	1	4149.00	61
22	9	Монітор MSI 26.5" MAG 273QP X24 QD-OLED 240Hz	1	23699.00	63
61	25	Монітор Dell 27" S2725DC IPS	2	17399.00	69
5	2	Монітор Dell 27" S2725DC IPS	2	17399.00	69
46	20	Монітор Philips 27" 27E1N5500HE	2	9349.00	70
10	4	Ігровий монітор Asus ProArt 27"	1	20149.00	71
29	13	Телевізор Hisense 65" 65E8Q	1	44999.00	75
9	4	Телевізор Samsung 55" QE55QN70FAUXUA	3	36399.00	76
30	13	Телевізор Samsung 50" UE50U8000FUXUA	3	18299.00	77
49	22	Телевізор LG 55" OLED55C54LA	1	64699.00	80
16	6	Кабель Apple USB-C Charge Cable 60W 1m White	2	1049.00	85
59	25	Кабель Belkin Braided Silicone USB-C 1m White	1	1049.00	87
94	34	Захисне скло Achilles для Apple Watch (45mm)	1	699.00	90
70	28	Захисне скло Achilles для Apple Watch (45mm)	1	699.00	90
25	10	Захисне скло Achilles для Apple Watch (45mm)	3	699.00	90
41	18	Чохол Pitaka MagEZ Case 6 для iPhone 16 Pro Max	3	2699.00	92
6	3	Чохол Pitaka MagEZ Case 6 для iPhone 16 Pro Max	2	2699.00	92
26	10	Чохол WIWU iShield Pro для iPhone 16 Pro Max	2	999.00	94
50	22	Чохол Dux Ducis Toby для iPad 11 (2025)	1	1399.00	96
27	11	Чохол Dux Ducis Toby для iPad 11 (2025)	2	1399.00	96
4	2	Sony PlayStation 5 Pro 2TB	3	42899.00	98
58	24	Microsoft Xbox Series X 1TB UA	3	40399.00	102
2	2	Nintendo Switch 2 + Mario Kart World Bundle	1	23699.00	105
57	24	Nintendo Switch 2	1	20799.00	106
42	19	Valve Steam Deck OLED 512GB Black	2	32999.00	107
60	25	PlayStation Portal Remote Player	1	13099.00	108
28	12	GoPro Hero 13 Black	1	14499.00	109
19	8	DJI Osmo Pocket 3 Creator Combo	1	25999.00	112
38	17	Sony Alpha A7C II Body Black	1	79699.00	113
48	21	Canon PowerShot G7 X Mark III Silver	2	52599.00	116
64	26	Телевізор Hisense 50" 50A6Q	2	17699.00	78
39	18	Телевізор Hisense 50" 50A6Q	2	17699.00	78
89	33	Fujifilm Instax Mini 99 Black	7	9299.00	119
52	22	Fujifilm Instax Mini 99 Black	2	9299.00	119
20	8	Fujifilm Instax Mini 99 Black	2	9299.00	119
1	1	Fujifilm Instax Mini 99 Black	2	9299.00	119
91	34	MacBook Air 13 M4 Sky Blue 256GB	7	50599.00	13
78	31	MacBook Air 13 M4 Sky Blue 256GB	2	50599.00	13
15	6	MacBook Air 13 M4 Sky Blue 256GB	2	50599.00	13
72	29	Apple AirPods 4 with ANC (2024)	2	7599.00	39
56	24	Apple AirPods 4 (2024)	1	5599.00	40
7	3	Apple AirPods 4 (2024)	3	5599.00	40
81	31	AirPods Max USB-C 2024 Midnight	2	23799.00	42
68	28	AirPods Max USB-C 2024 Midnight	3	23799.00	42
62	25	AirPods Max USB-C 2024 Blue	1	23099.00	43
80	31	Apple iPad 11 128GB Wi-Fi Pink	1	16999.00	27
40	18	Apple iPad 11 128GB Wi-Fi Pink	1	16999.00	27
73	30	Ігровий монітор BenQ 24.1" TN 280Hz XL2546X+	3	21999.00	66
65	26	Ігровий монітор BenQ 24.1" TN 280Hz XL2546X+	3	21999.00	66
12	5	Ігровий монітор BenQ 24.1" TN 280Hz XL2546X+	3	21999.00	66
90	34	MacBook Air 13 M4 Silver 24GB RAM 512GB	4	69499.00	20
75	31	MacBook Air 13 M4 Silver 24GB RAM 512GB	4	69499.00	20
51	22	MacBook Air 13 M4 Silver 24GB RAM 512GB	1	69499.00	20
83	31	Apple iPhone 17 256GB White	1	41699.00	1
45	19	Apple iPhone 17 256GB White	2	41699.00	1
87	32	Apple iPhone 17 256GB Sage	1	41699.00	5
47	20	Apple iPhone 17 256GB Sage	3	41699.00	5
3	2	Apple iPhone 17 256GB White e-Sim	1	39299.00	9
95	34	Apple iPhone 17 256GB Sage e-Sim	1	38899.00	10
84	32	Apple iPhone 17 256GB Sage e-Sim	4	38899.00	10
79	31	Apple iPhone 17 256GB Sage e-Sim	2	38899.00	10
34	15	Apple iPhone 17 256GB Sage e-Sim	3	38899.00	10
11	5	Apple iPhone 17 256GB Sage e-Sim	2	38899.00	10
86	32	Apple iPhone 17 512GB Black	6	52299.00	6
44	19	Apple iPhone 17 512GB Black	3	52299.00	6
82	31	Sony PlayStation 5 Slim Digital + Dualsense	2	27799.00	101
85	32	Apple iPhone 17 256GB Black	1	41699.00	2
76	31	Apple iPhone 17 256GB Black	4	41699.00	2
77	31	AirPods Max USB-C 2024 Orange	5	23099.00	45
55	24	AirPods Max USB-C 2024 Orange	1	23099.00	45
\.


--
-- Data for Name: orders; Type: TABLE DATA; Schema: public; Owner: -
--

COPY public.orders (id, user_id, status, total, promo_code, discount, name, surname, phone, email, address, comment, payment_method, delivery_method, payment_status, created_at, promo_code_id) FROM stdin;
1	7	new	18598.00	\N	0.00	Леся	Українка	+380675678901	lesya@example.com	м. Харків, пр. Науки, 14	Будь ласка, зателефонуйте перед доставкою	card	delivery	pending	2026-04-08 08:12:59.402444	\N
2	9	delivered	226493.00	\N	0.00	Оксана	Петренко	+380677890123	oksana.p@example.com	м. Київ, пр. Перемоги, 50	\N	card	delivery	pending	2026-05-02 12:28:03.897346	\N
3	13	delivered	22195.00	\N	0.00	Наталія	Шевчук	+380671234568	natalia.sh@example.com	м. Київ, вул. Хрещатик, 1	Подзвоніть за 30 хвилин до доставки	cash	courier	pending	2026-03-23 07:13:36.613506	\N
4	15	processing	170745.00	\N	0.00	Юлія	Кравченко	+380673456780	yulia.kr@example.com	м. Одеса, вул. Дерибасівська, 12	\N	cash	courier	pending	2026-04-24 04:14:40.397694	\N
5	5	new	189793.00	\N	0.00	Test	User	+380670000001	test@test.com	м. Львів, вул. Шевченка, 28	\N	card	courier	pending	2026-03-14 07:00:14.045442	\N
8	8	processing	44597.00	\N	0.00	Іван	Франко	+380676789012	franko@example.com	м. Харків, пр. Науки, 14	\N	card	pickup	pending	2026-04-20 22:42:13.362913	\N
6	8	delivered	172892.00	\N	0.00	Іван	Франко	+380676789012	franko@example.com	м. Харків, пр. Науки, 14	Доставка у вихідний день	cash	courier	pending	2026-04-09 06:43:39.656641	\N
7	5	new	22999.00	\N	0.00	Test	User	+380670000001	test@test.com	м. Дніпро, пр. Гагаріна, 100	Залиште біля дверей	card	courier	pending	2026-03-24 22:10:52.150387	\N
9	13	delivered	57497.00	\N	0.00	Наталія	Шевчук	+380671234568	natalia.sh@example.com	м. Львів, вул. Шевченка, 28	Доставка у вихідний день	card	courier	pending	2026-03-17 16:41:12.705662	\N
10	11	delivered	79989.00	\N	0.00	Марія	Бондаренко	+380679012345	maria.b@example.com	м. Львів, вул. Франка, 15	Залиште біля дверей	cash	courier	pending	2026-04-21 17:54:58.739302	\N
11	7	delivered	2798.00	\N	0.00	Леся	Українка	+380675678901	lesya@example.com	м. Київ, пр. Перемоги, 50	Скасовано за бажанням клієнта	card	courier	pending	2026-03-24 11:20:49.858024	\N
12	5	processing	14499.00	\N	0.00	Test	User	+380670000001	test@test.com	м. Львів, вул. Франка, 15	Подзвоніть за 30 хвилин до доставки	cash	delivery	pending	2026-04-28 05:06:20.131228	\N
13	6	delivered	99896.00	\N	0.00	Тарас	Шевченко	+380674567890	taras@example.com	м. Дніпро, вул. Яворницького, 66	\N	card	pickup	pending	2026-03-12 02:54:37.06931	\N
14	6	new	147493.00	\N	0.00	Тарас	Шевченко	+380674567890	taras@example.com	м. Одеса, пр. Шевченка, 4	\N	cash	pickup	pending	2026-03-28 10:24:11.939659	\N
15	9	shipped	116697.00	\N	0.00	Оксана	Петренко	+380677890123	oksana.p@example.com	м. Харків, вул. Сумська, 45	Доставити після 18:00	card	courier	pending	2026-03-31 09:20:21.81239	\N
16	8	delivered	262892.00	\N	0.00	Іван	Франко	+380676789012	franko@example.com	м. Харків, пр. Науки, 14	\N	card	pickup	pending	2026-03-15 20:39:34.455826	\N
17	14	new	79699.00	\N	0.00	Олександр	Мельник	+380672345679	oleksandr.m@example.com	м. Запоріжжя, вул. Металургів, 19	Подзвоніть за 30 хвилин до доставки	card	delivery	pending	2026-04-19 16:42:11.941461	\N
18	9	cancelled	60494.00	\N	0.00	Оксана	Петренко	+380677890123	oksana.p@example.com	м. Львів, вул. Шевченка, 28	Подзвоніть за 30 хвилин до доставки	card	delivery	pending	2026-04-28 07:57:49.428592	\N
19	15	processing	336092.00	\N	0.00	Юлія	Кравченко	+380673456780	yulia.kr@example.com	м. Київ, вул. Саксаганського, 73	\N	cash	pickup	pending	2026-05-02 02:53:56.136243	\N
20	7	processing	143795.00	\N	0.00	Леся	Українка	+380675678901	lesya@example.com	м. Запоріжжя, пр. Соборний, 33	\N	cash	delivery	pending	2026-04-30 22:42:37.195891	\N
21	13	shipped	105198.00	\N	0.00	Наталія	Шевчук	+380671234568	natalia.sh@example.com	м. Київ, вул. Хрещатик, 1	\N	card	courier	pending	2026-04-15 18:42:37.93741	\N
22	8	delivered	154195.00	\N	0.00	Іван	Франко	+380676789012	franko@example.com	м. Дніпро, пр. Гагаріна, 100	Доставка у вихідний день	card	pickup	pending	2026-04-04 01:34:35.229624	\N
23	5	new	156196.00	\N	0.00	Test	User	+380670000001	test@test.com	м. Київ, вул. Хрещатик, 1	Доставка у вихідний день	cash	pickup	pending	2026-03-28 10:08:32.834636	\N
24	11	cancelled	170694.00	\N	0.00	Марія	Бондаренко	+380679012345	maria.b@example.com	м. Львів, вул. Франка, 15	\N	cash	courier	pending	2026-03-19 14:55:26.429452	\N
25	8	shipped	72045.00	\N	0.00	Іван	Франко	+380676789012	franko@example.com	м. Одеса, пр. Шевченка, 4	Доставка у вихідний день	cash	courier	pending	2026-04-20 21:52:07.430596	\N
26	14	delivered	119494.00	\N	0.00	Олександр	Мельник	+380672345679	oleksandr.m@example.com	м. Київ, вул. Саксаганського, 73	Залиште біля дверей	card	delivery	pending	2026-04-16 22:01:09.405918	\N
27	8	delivered	60096.00	\N	0.00	Іван	Франко	+380676789012	franko@example.com	м. Київ, вул. Саксаганського, 73	Подзвоніть за 30 хвилин до доставки	cash	courier	pending	2026-03-13 01:58:49.734919	\N
28	10	shipped	111393.00	\N	0.00	Андрій	Коваленко	+380678901234	andriy.k@example.com	м. Дніпро, вул. Яворницького, 66	\N	card	delivery	pending	2026-04-07 05:33:08.331947	\N
29	15	new	15198.00	\N	0.00	Юлія	Кравченко	+380673456780	yulia.kr@example.com	м. Одеса, пр. Шевченка, 4	Скасовано за бажанням клієнта	card	delivery	pending	2026-04-19 14:26:27.243118	\N
30	8	new	70146.00	\N	0.00	Іван	Франко	+380676789012	franko@example.com	м. Одеса, пр. Шевченка, 4	Доставити після 18:00	cash	pickup	pending	2026-04-11 03:05:54.99327	\N
31	\N	new	901177.00	\N	0.00	petro6574758@gmail.com	авццау	+380688071580	petro6574758@gmail.com	м. йцвіи, йвцуакіп	\N	cash	delivery	pending	2026-05-17 20:56:17.752908	\N
32	\N	new	475349.60	SUMMER20	118837.40	Петро		+380688071580	petro6574758@gmail.com	2411 W NORTHERN AVE	побажання якесь	card	delivery	pending	2026-05-18 14:22:07.937031	\N
33	\N	new	65093.00	\N	0.00	Viacheslav	Radelytskyi	+380688071580	petro6574758@gmail.com	2411 W NORTHERN AVE	тесткомент	cash	delivery	pending	2026-05-18 19:16:59.320371	\N
34	29	new	1026681.00	\N	0.00	рпавіапвіа		+380688071580	huaweiprime2.0.1.8y6@gmail.com	кепукцка	\N	card	delivery	pending	2026-05-28 22:25:43.68976	\N
\.


--
-- Data for Name: product_reviews; Type: TABLE DATA; Schema: public; Owner: -
--

COPY public.product_reviews (id, product_id, user_id, rating, comment, created_at) FROM stdin;
1	1	6	4	Найкраща покупка цього року! Все ідеально.	2026-04-08 00:14:59.696312
2	1	5	5	Перейшов з попередньої моделі — різниця помітна одразу.	2026-04-24 21:19:09.850253
3	1	9	4	Колір розкішний, корпус відчувається преміально.	2026-04-07 18:50:47.677312
4	2	11	5	Швидкий і зручний, батарея тримає весь день.	2026-04-09 19:00:25.381617
5	2	5	5	Найкраща покупка цього року! Все ідеально.	2026-05-03 10:57:01.958972
6	2	14	4	За свою ціну — однозначно топ. Рекомендую.	2026-03-25 18:38:56.705251
7	3	8	4	Найкраща покупка цього року! Все ідеально.	2026-04-27 02:09:02.281794
8	3	13	5	Якість матеріалів просто космічна.	2026-04-23 16:33:20.515687
9	3	11	5	Дисплей яскравий, продуктивність на висоті.	2026-04-01 08:43:14.858753
10	4	9	4	Найкраща покупка цього року! Все ідеально.	2026-05-01 00:39:59.187654
11	4	7	4	Камера 10/10. Знімки виходять чудові навіть вночі.	2026-05-05 13:53:52.456921
12	5	6	4	Камера 10/10. Знімки виходять чудові навіть вночі.	2026-03-24 08:09:28.13629
13	5	10	5	Дисплей яскравий, продуктивність на висоті.	2026-04-10 03:37:58.185606
14	6	6	5	За свою ціну — однозначно топ. Рекомендую.	2026-04-03 01:50:24.842833
15	6	11	5	Дисплей яскравий, продуктивність на висоті.	2026-04-17 03:57:33.330204
16	6	15	4	Камера 10/10. Знімки виходять чудові навіть вночі.	2026-03-28 17:46:51.090476
17	7	15	5	Дисплей яскравий, продуктивність на висоті.	2026-04-11 18:05:02.935963
18	7	8	4	Швидкий і зручний, батарея тримає весь день.	2026-04-05 07:59:42.473406
19	8	9	5	Камера 10/10. Знімки виходять чудові навіть вночі.	2026-04-20 09:06:43.111643
21	9	15	5	Швидкий і зручний, батарея тримає весь день.	2026-05-01 00:25:54.003151
22	9	9	5	Колір розкішний, корпус відчувається преміально.	2026-04-06 17:10:35.450809
24	10	11	5	За свою ціну — однозначно топ. Рекомендую.	2026-03-29 22:31:58.474503
25	11	8	5	Камера 10/10. Знімки виходять чудові навіть вночі.	2026-03-28 18:30:22.673844
26	11	5	4	Тонкий і легкий — те що потрібно.	2026-04-02 15:06:52.851355
27	12	14	5	Найкраща покупка цього року! Все ідеально.	2026-04-27 19:27:37.05294
28	12	10	5	Якість матеріалів просто космічна.	2026-04-01 11:22:12.272065
29	13	9	5	Колір виглядає дуже стильно. Якість зборки топ.	2026-04-06 08:13:26.406191
30	13	7	5	Працює багато годин без підзарядки.	2026-04-16 18:05:41.441641
31	14	14	5	Дисплей яскравий, кольори насичені. Звук теж класний.	2026-04-12 13:48:37.665664
32	14	11	5	Колір виглядає дуже стильно. Якість зборки топ.	2026-03-27 07:56:27.976663
33	14	15	4	Найкращий ноутбук, яким користувався. Тихий, не гріється.	2026-05-02 04:44:29.159218
34	15	6	5	Найкращий ноутбук, яким користувався. Тихий, не гріється.	2026-05-01 15:48:08.95046
35	15	7	4	Замінив старий MacBook — і не шкодую.	2026-04-16 17:59:38.485473
36	16	11	5	Для дизайну і відеомонтажу — просто мрія.	2026-04-13 18:11:10.620659
37	16	14	5	Працює багато годин без підзарядки.	2026-04-12 12:10:09.8639
38	17	15	5	Працює багато годин без підзарядки.	2026-04-23 09:07:36.934241
39	17	6	4	Ідеальний для роботи в дорозі. Легкий і потужний.	2026-04-03 16:08:19.340161
40	18	11	5	Для дизайну і відеомонтажу — просто мрія.	2026-04-17 17:49:45.915424
41	18	7	5	Неймовірно швидкий і легкий. Батарея тримає весь день.	2026-03-31 23:36:06.09236
42	19	13	5	Ідеальний для роботи в дорозі. Легкий і потужний.	2026-03-28 11:25:36.480692
43	19	6	5	Працює багато годин без підзарядки.	2026-04-18 10:55:43.3302
44	20	10	4	Працює багато годин без підзарядки.	2026-03-27 19:24:20.200853
45	20	7	5	Все продумано до деталей. Apple молодці.	2026-04-17 14:13:19.269112
47	21	5	5	Дисплей яскравий, кольори насичені. Звук теж класний.	2026-03-29 21:23:39.183629
48	22	8	5	M4 — це космос. Все літає.	2026-04-17 09:44:00.17669
49	22	14	4	Все продумано до деталей. Apple молодці.	2026-04-03 19:53:23.246952
50	23	7	5	Працює багато годин без підзарядки.	2026-03-30 20:45:24.484937
51	23	15	5	Найкращий ноутбук, яким користувався. Тихий, не гріється.	2026-04-25 04:18:44.851894
53	24	13	5	Ідеальний для роботи в дорозі. Легкий і потужний.	2026-04-15 20:26:38.190497
54	24	8	5	Замінив старий MacBook — і не шкодую.	2026-04-26 21:25:23.474355
56	25	6	5	Apple Pencil підтримує — творіть скільки хочете.	2026-04-05 13:10:48.967034
57	25	8	5	Колір виглядає стильно і не маркий.	2026-04-27 02:33:20.361545
58	26	14	4	Ідеальний планшет для навчання та роботи.	2026-04-22 13:05:36.170482
59	26	8	5	Apple Pencil підтримує — творіть скільки хочете.	2026-03-28 10:20:23.066977
60	27	5	5	Apple Pencil підтримує — творіть скільки хочете.	2026-05-04 00:47:05.459893
61	27	10	5	Якість збірки на висоті. Apple вміють робити.	2026-04-30 20:54:41.794511
63	28	8	5	Легкий, тонкий, ідеальний для подорожей.	2026-04-30 18:46:44.516414
64	28	13	5	За свою ціну — топ. Швидкий і гарний.	2026-04-28 00:44:22.606678
65	29	6	5	Колір виглядає стильно і не маркий.	2026-04-18 23:45:05.013614
66	29	11	5	Procreate літає, для дизайну — мрія.	2026-04-22 18:27:24.54451
67	30	5	5	Procreate літає, для дизайну — мрія.	2026-04-16 16:36:37.701437
68	30	6	5	Колір виглядає стильно і не маркий.	2026-05-04 20:33:42.310117
69	30	15	5	Apple Pencil підтримує — творіть скільки хочете.	2026-03-31 04:17:10.52647
71	31	7	4	Купив дитині — дуже задоволені.	2026-04-03 00:25:45.430107
72	31	11	5	Легкий, тонкий, ідеальний для подорожей.	2026-03-26 01:03:42.206268
73	32	6	5	Ідеальний планшет для навчання та роботи.	2026-05-06 18:42:51.14507
74	32	5	5	Apple Pencil підтримує — творіть скільки хочете.	2026-03-28 23:41:58.249184
75	32	13	5	За свою ціну — топ. Швидкий і гарний.	2026-04-11 18:03:47.324468
76	33	8	5	Ідеальний планшет для навчання та роботи.	2026-04-16 04:40:14.192683
77	33	11	4	Дисплей яскравий, чудовий для перегляду відео.	2026-03-26 04:38:51.828762
78	34	9	5	Купив дитині — дуже задоволені.	2026-04-24 05:18:25.400442
80	35	8	5	За свою ціну — топ. Швидкий і гарний.	2026-03-28 11:50:09.077692
81	35	9	5	Ідеальний планшет для навчання та роботи.	2026-03-31 01:13:18.320802
82	36	10	5	Ідеальний планшет для навчання та роботи.	2026-04-13 10:31:49.825997
83	36	5	5	Легкий, тонкий, ідеальний для подорожей.	2026-04-04 14:24:14.164645
84	37	5	4	Дуже комфортно носити навіть кілька годин.	2026-04-01 15:57:03.944246
85	37	13	5	Ідеальні для роботи у відкритому офісі.	2026-03-28 05:10:20.874178
86	38	15	5	Адаптивний звук — просто магія.	2026-04-15 16:31:15.184151
87	38	8	5	Дуже комфортно носити навіть кілька годин.	2026-04-25 09:02:18.90073
88	39	14	5	Адаптивний звук — просто магія.	2026-04-15 19:18:55.320977
89	39	5	5	ANC працює чудово, відсікає шум повністю.	2026-04-20 03:50:34.586645
90	39	6	5	Якість звуку шикарна. Низькі частоти, деталізація — топ.	2026-04-07 13:25:30.755884
91	40	9	5	Ідеальні для роботи у відкритому офісі.	2026-04-01 17:48:54.03552
92	40	11	5	USB-C — нарешті! Тримають заряд цілий день.	2026-04-05 01:41:34.196651
93	41	5	4	Колір просто розкішний, виглядають преміально.	2026-03-30 20:03:45.374879
95	42	13	4	Ідеальні для роботи у відкритому офісі.	2026-03-24 11:37:44.344272
96	42	9	5	Якість звуку шикарна. Низькі частоти, деталізація — топ.	2026-04-13 14:57:18.721244
97	43	9	5	За такою ціною — це неймовірно.	2026-03-27 19:19:31.975129
98	43	7	5	ANC працює чудово, відсікає шум повністю.	2026-04-11 00:33:52.281225
99	44	13	5	USB-C — нарешті! Тримають заряд цілий день.	2026-04-07 19:46:08.338287
100	44	5	4	Дуже комфортно носити навіть кілька годин.	2026-05-03 21:08:43.65998
101	44	15	4	Ідеальні для роботи у відкритому офісі.	2026-04-18 08:54:24.944424
102	45	13	5	USB-C — нарешті! Тримають заряд цілий день.	2026-03-29 15:36:33.322312
103	45	7	5	Преміальне звучання — інший рівень.	2026-04-29 11:32:28.937782
104	45	9	5	Якість звуку шикарна. Низькі частоти, деталізація — топ.	2026-04-25 22:50:23.644348
105	46	9	5	Дуже комфортно носити навіть кілька годин.	2026-04-22 22:16:04.223797
106	46	5	4	Адаптивний звук — просто магія.	2026-04-17 04:44:00.417202
107	47	10	5	USB-C — нарешті! Тримають заряд цілий день.	2026-04-22 11:18:29.261955
108	47	7	5	Ідеальні для роботи у відкритому офісі.	2026-03-29 00:47:51.127291
109	48	11	5	Дуже комфортно носити навіть кілька годин.	2026-04-25 03:17:29.671262
110	48	13	4	Колір просто розкішний, виглядають преміально.	2026-03-25 19:30:29.774848
111	48	5	5	Ідеальні для роботи у відкритому офісі.	2026-04-18 16:31:07.346428
112	49	13	5	Батарея заряджається швидко. Дуже задоволений.	2026-03-31 02:06:17.755688
113	49	7	4	Зручний годинник, відстежує активність добре.	2026-04-16 11:52:38.41367
114	49	11	5	Колір виглядає шикарно, ремінець зручний.	2026-04-03 22:51:45.065776
115	50	15	5	Великий екран і зручний інтерфейс.	2026-05-05 07:33:22.548016
116	50	8	5	Відстеження сну дуже точне. Здивований.	2026-03-25 18:44:07.628885
117	51	7	5	Батарея заряджається швидко. Дуже задоволений.	2026-04-27 13:38:55.612548
118	51	8	5	GPS точний навіть у горах.	2026-05-04 13:42:03.168546
119	51	15	5	Зручний годинник, відстежує активність добре.	2026-03-25 12:56:24.969271
120	52	8	5	Великий екран і зручний інтерфейс.	2026-05-05 20:19:47.754107
121	52	9	5	GPS точний навіть у горах.	2026-05-06 06:17:46.757218
122	52	7	5	Зручний годинник, відстежує активність добре.	2026-04-26 12:44:33.907953
123	53	10	4	Ідеальний для занять спортом. Точні датчики.	2026-03-30 21:26:29.638511
124	53	9	5	Швидкий і чуйний, ні разу не лагав.	2026-04-09 16:45:58.360059
125	54	10	5	Великий екран і зручний інтерфейс.	2026-04-26 22:10:48.658802
126	54	9	5	Колір виглядає шикарно, ремінець зручний.	2026-04-16 08:21:45.987907
127	55	15	4	Відстеження сну дуже точне. Здивований.	2026-05-02 12:16:05.226393
128	55	13	5	Зручний годинник, відстежує активність добре.	2026-03-25 23:13:52.090488
129	56	14	5	Зручний годинник, відстежує активність добре.	2026-04-16 17:34:19.26527
130	56	9	5	Великий екран і зручний інтерфейс.	2026-04-26 03:03:55.900632
131	57	10	4	Швидкий і чуйний, ні разу не лагав.	2026-04-21 01:24:06.955098
132	57	11	5	Дисплей яскравий, добре видно на сонці.	2026-04-10 09:26:40.604192
133	58	8	5	GPS точний навіть у горах.	2026-03-25 05:58:30.707801
134	58	9	5	Зручний годинник, відстежує активність добре.	2026-04-05 07:58:58.488085
135	58	5	4	Ідеальний для занять спортом. Точні датчики.	2026-04-02 15:47:36.539416
136	59	10	5	Великий екран і зручний інтерфейс.	2026-04-30 06:56:29.922936
137	59	14	5	Колір виглядає шикарно, ремінець зручний.	2026-04-23 15:53:12.073467
138	59	15	5	Дисплей яскравий, добре видно на сонці.	2026-04-11 14:49:45.15287
139	60	9	5	Ідеальний для занять спортом. Точні датчики.	2026-03-26 19:36:38.082099
140	60	13	5	GPS точний навіть у горах.	2026-04-11 17:56:53.712799
141	60	7	5	Дисплей яскравий, добре видно на сонці.	2026-03-27 18:08:25.717594
142	61	9	4	Якість збірки на висоті. Регулювання висоти зручне.	2026-04-20 18:28:37.93462
143	61	6	4	USB-C з заряджанням ноутбука — економить купу кабелів.	2026-03-26 06:01:13.705737
144	62	13	4	Глибокий чорний колір, ідеальний для перегляду фільмів.	2026-04-28 17:36:45.219533
145	62	15	5	Дуже задоволений покупкою, рекомендую друзям.	2026-04-11 00:20:34.908327
146	63	10	5	Глибокий чорний колір, ідеальний для перегляду фільмів.	2026-03-31 06:47:28.880728
147	63	13	4	Тонкі рамки виглядають преміально на робочому столі.	2026-04-26 17:31:53.001338
148	64	6	4	Якість збірки на висоті. Регулювання висоти зручне.	2026-04-06 06:50:24.999162
149	64	14	5	Ідеальний для дизайну та фотомонтажу. Калібровка з коробки точна.	2026-04-24 02:05:57.91169
151	65	6	5	144 Гц грає роль. Рухи плавні, очі не втомлюються.	2026-04-01 09:50:18.67021
152	65	5	5	Дуже задоволений покупкою, рекомендую друзям.	2026-04-01 19:52:59.974724
154	66	9	5	USB-C з заряджанням ноутбука — економить купу кабелів.	2026-05-05 19:27:14.614625
155	66	15	5	144 Гц грає роль. Рухи плавні, очі не втомлюються.	2026-04-13 16:26:37.879099
156	67	15	5	Картинка соковита, кольори насичені. За свою ціну — топ.	2026-04-07 21:21:56.420274
157	67	13	5	Якість збірки на висоті. Регулювання висоти зручне.	2026-05-04 13:20:07.601278
158	67	10	5	Для роботи і ігор — універсальний вибір.	2026-04-08 12:27:43.221093
159	68	15	5	Дуже задоволений покупкою, рекомендую друзям.	2026-05-07 02:08:39.833021
160	68	14	4	Якість збірки на висоті. Регулювання висоти зручне.	2026-04-18 18:08:43.008473
162	69	6	5	144 Гц грає роль. Рухи плавні, очі не втомлюються.	2026-04-18 03:36:12.408511
164	69	9	4	Дуже задоволений покупкою, рекомендую друзям.	2026-03-28 11:54:27.735304
166	70	11	5	Тонкі рамки виглядають преміально на робочому столі.	2026-04-30 18:34:41.805189
167	70	10	4	USB-C з заряджанням ноутбука — економить купу кабелів.	2026-04-29 17:34:50.888163
168	71	8	5	Дуже задоволений покупкою, рекомендую друзям.	2026-04-14 04:19:20.040769
169	71	11	5	Картинка соковита, кольори насичені. За свою ціну — топ.	2026-04-08 09:18:52.967169
170	72	8	5	144 Гц грає роль. Рухи плавні, очі не втомлюються.	2026-04-09 22:37:24.160306
171	72	13	5	Дуже задоволений покупкою, рекомендую друзям.	2026-03-27 05:37:17.942828
173	73	5	4	Дивитися спорт та ігри — задоволення. Без розмиття.	2026-04-16 17:44:42.168751
174	73	7	5	Колір передається точно, підтримка HDR на висоті.	2026-03-31 12:00:55.274206
175	74	15	4	Доставили швидко, упаковка надійна. Працює відмінно.	2026-04-10 23:56:10.073946
176	74	9	4	Налаштування інтуїтивне, розібрався за 5 хвилин.	2026-04-23 03:43:11.174235
177	75	6	4	Звук непоганий, але краще все ж окрема акустика.	2026-04-26 14:40:26.17543
178	75	13	5	Налаштування інтуїтивне, розібрався за 5 хвилин.	2026-03-26 13:25:01.528815
179	75	10	5	Колір передається точно, підтримка HDR на висоті.	2026-04-25 02:33:58.360006
180	76	13	5	Картинка просто шикарна, особливо в темних сценах.	2026-04-17 08:56:33.216113
181	76	11	5	Тонкий корпус виглядає стильно на стіні.	2026-04-03 21:17:39.609123
182	77	13	4	Доставили швидко, упаковка надійна. Працює відмінно.	2026-04-12 00:22:15.974357
183	77	10	5	Тонкий корпус виглядає стильно на стіні.	2026-04-07 14:09:54.619774
184	78	6	4	Тонкий корпус виглядає стильно на стіні.	2026-04-22 12:30:01.334728
185	78	7	4	Колір передається точно, підтримка HDR на висоті.	2026-04-15 09:57:27.706807
186	79	11	5	Smart TV працює швидко, додатки відкриваються миттєво.	2026-04-23 00:47:36.308115
187	79	13	5	За свої гроші — однозначно топ. Хеппі.	2026-04-15 17:15:17.255728
188	79	9	5	Доставили швидко, упаковка надійна. Працює відмінно.	2026-04-21 16:35:51.924373
189	80	10	4	Smart TV працює швидко, додатки відкриваються миттєво.	2026-04-26 00:47:17.227223
190	80	13	5	Доставили швидко, упаковка надійна. Працює відмінно.	2026-04-25 01:46:39.191376
191	80	6	5	Колір передається точно, підтримка HDR на висоті.	2026-04-10 19:57:40.722005
192	81	5	4	Дивитися спорт та ігри — задоволення. Без розмиття.	2026-03-29 00:17:34.034514
193	81	10	5	За свої гроші — однозначно топ. Хеппі.	2026-04-12 15:33:15.876315
195	82	13	5	Налаштування інтуїтивне, розібрався за 5 хвилин.	2026-04-29 01:28:04.018193
196	82	15	5	Smart TV працює швидко, додатки відкриваються миттєво.	2026-04-26 19:08:39.069017
197	83	13	4	Колір передається точно, підтримка HDR на висоті.	2026-04-19 08:51:58.844147
198	83	10	5	Тонкий корпус виглядає стильно на стіні.	2026-04-12 16:13:06.282236
199	84	8	5	За свої гроші — однозначно топ. Хеппі.	2026-04-26 20:15:31.929215
200	84	15	4	Доставили швидко, упаковка надійна. Працює відмінно.	2026-04-16 05:37:41.378137
201	84	10	5	Картинка просто шикарна, особливо в темних сценах.	2026-04-05 15:01:08.1165
202	85	8	5	Кабель плетений, не плутається. Заряджає швидко.	2026-04-17 11:46:48.744073
203	85	5	5	Скло дуже якісне, повністю прозоре.	2026-05-06 21:11:09.60052
204	85	15	4	Якість на рівні. Тримається міцно, не зісковзує.	2026-04-24 10:02:03.452692
205	86	13	5	Сидить ідеально, кнопки працюють чітко.	2026-04-19 11:03:19.804566
206	86	15	5	Захищає телефон при падінні — перевірено.	2026-04-26 17:02:20.915713
207	87	11	5	Виглядає круто, відчувається преміально.	2026-04-07 18:43:54.828898
208	87	5	5	Доставка швидка, упаковка хороша.	2026-04-21 01:15:59.880696
209	87	9	5	Скло дуже якісне, повністю прозоре.	2026-04-12 18:03:28.543786
210	88	15	4	Доставка швидка, упаковка хороша.	2026-04-22 04:33:02.644426
211	88	5	5	За свою ціну — найкраще співвідношення.	2026-03-23 18:26:48.260992
213	89	15	5	Доставка швидка, упаковка хороша.	2026-04-21 19:51:12.061502
214	89	11	5	Захищає телефон при падінні — перевірено.	2026-04-17 05:45:49.810893
215	90	8	5	Рекомендую — не пошкодуєте.	2026-04-23 20:39:21.202502
216	90	7	5	Якість на рівні. Тримається міцно, не зісковзує.	2026-04-27 06:49:39.488297
217	91	9	5	Рекомендую — не пошкодуєте.	2026-04-05 04:49:17.91267
218	91	7	4	Доставка швидка, упаковка хороша.	2026-04-23 11:01:00.986571
219	91	13	5	Якість на рівні. Тримається міцно, не зісковзує.	2026-04-04 05:29:49.817437
220	92	14	5	Рекомендую — не пошкодуєте.	2026-03-25 19:51:39.438056
221	92	10	5	Якість на рівні. Тримається міцно, не зісковзує.	2026-04-06 14:25:55.494368
222	92	5	4	Кабель плетений, не плутається. Заряджає швидко.	2026-04-29 00:56:40.089801
223	93	14	5	Скло дуже якісне, повністю прозоре.	2026-04-04 10:06:56.500023
224	93	10	5	Виглядає круто, відчувається преміально.	2026-04-25 05:11:20.843212
225	94	14	4	Виглядає круто, відчувається преміально.	2026-04-11 03:03:17.50249
226	94	10	5	Кабель плетений, не плутається. Заряджає швидко.	2026-04-03 10:47:03.095655
227	94	8	4	Сидить ідеально, кнопки працюють чітко.	2026-04-10 19:16:28.993754
228	95	11	5	Сидить ідеально, кнопки працюють чітко.	2026-03-24 11:51:26.061628
230	96	13	5	Доставка швидка, упаковка хороша.	2026-04-24 07:51:45.143691
231	96	7	5	Захищає телефон при падінні — перевірено.	2026-04-21 10:03:25.796013
233	97	13	5	Графіка просто космос. 4К/60 — насолода.	2026-04-05 19:08:55.520422
234	98	6	5	Для дорослих геймерів — must have.	2026-05-01 23:05:56.844977
235	98	9	5	Тиха, не гріється навіть у важких іграх.	2026-05-05 14:39:06.347443
236	99	5	5	Графіка просто космос. 4К/60 — насолода.	2026-05-05 04:55:14.226177
237	99	14	5	Ціна того варта. Якість Sony/Microsoft на висоті.	2026-04-24 12:18:04.118845
238	100	9	5	Тиха, не гріється навіть у важких іграх.	2026-03-26 03:11:30.97054
239	100	13	5	Геймпад зручний, віддача шикарна.	2026-04-08 22:54:34.173814
240	101	8	4	Працює без проблем, підключилася швидко.	2026-04-03 18:47:35.41339
241	101	9	5	SSD швидкий, ігри завантажуються миттєво.	2026-05-03 01:00:50.622155
242	102	13	5	Геймпад зручний, віддача шикарна.	2026-05-07 02:33:43.504542
243	102	15	5	SSD швидкий, ігри завантажуються миттєво.	2026-04-24 20:43:20.088957
244	102	9	5	Дитина у захваті, грає вже тиждень не зупиняючись.	2026-04-16 02:47:50.549804
245	103	5	5	Підключив до 4К телевізора — картинка вражає.	2026-04-22 07:50:46.727072
246	103	14	5	Працює без проблем, підключилася швидко.	2026-03-25 04:04:16.556344
248	104	7	4	Працює без проблем, підключилася швидко.	2026-03-29 21:08:52.506394
249	105	8	4	Підключив до 4К телевізора — картинка вражає.	2026-05-02 12:35:40.589727
250	105	6	5	Графіка просто космос. 4К/60 — насолода.	2026-05-04 17:14:16.117143
251	106	10	5	Графіка просто космос. 4К/60 — насолода.	2026-04-15 12:43:20.766454
252	106	13	5	Геймпад зручний, віддача шикарна.	2026-04-11 16:37:33.136507
253	106	5	5	Дитина у захваті, грає вже тиждень не зупиняючись.	2026-04-06 18:26:29.833887
254	107	6	5	Дитина у захваті, грає вже тиждень не зупиняючись.	2026-04-30 19:56:36.789841
255	107	9	4	Геймпад зручний, віддача шикарна.	2026-04-01 03:46:31.000309
256	108	10	5	Геймпад зручний, віддача шикарна.	2026-03-25 21:45:10.895378
257	108	7	5	Підключив до 4К телевізора — картинка вражає.	2026-05-03 19:48:48.021021
259	109	8	5	Купив для блогу — задоволений на 100%.	2026-04-12 13:05:23.434273
260	109	11	5	Знімає в 4K приголомшливо. Стабілізація — клас.	2026-04-18 22:20:26.797623
261	109	6	4	Зручна у використанні навіть новачку.	2026-04-10 19:59:30.217912
262	110	6	5	Знімки виходять як з професійної техніки.	2026-04-09 19:55:00.838357
264	111	9	4	Батарея тримає довго, можна знімати весь день.	2026-04-20 13:00:01.627208
265	111	10	4	Якість збірки відмінна. Корпус надійний.	2026-03-27 17:37:26.372665
266	112	6	5	Якість картинки і звуку на висоті.	2026-04-24 06:40:02.413638
267	112	14	5	Батарея тримає довго, можна знімати весь день.	2026-04-11 04:12:05.653518
268	112	10	5	Купив для блогу — задоволений на 100%.	2026-04-18 08:40:20.989952
269	113	7	5	Зручна у використанні навіть новачку.	2026-04-12 01:41:20.011079
270	113	5	4	Якість картинки і звуку на висоті.	2026-05-04 22:45:35.969466
271	114	7	5	Купив для блогу — задоволений на 100%.	2026-03-25 09:53:28.466201
272	114	8	5	Якість збірки відмінна. Корпус надійний.	2026-05-03 04:38:11.254142
273	115	5	4	Якість картинки і звуку на висоті.	2026-04-03 08:03:09.531135
274	115	7	5	Купив для блогу — задоволений на 100%.	2026-04-09 12:15:08.954645
275	116	5	5	Батарея тримає довго, можна знімати весь день.	2026-04-25 17:59:27.257738
276	116	10	5	Швидке автофокусування, не пропустиш момент.	2026-05-04 00:07:34.52713
278	117	15	5	Ідеальна для подорожей — компактна і легка.	2026-04-12 19:39:25.54206
279	117	5	5	Знімки виходять як з професійної техніки.	2026-04-30 14:45:12.584023
280	118	5	4	Швидке автофокусування, не пропустиш момент.	2026-04-19 06:36:35.070364
281	118	15	5	Якість картинки і звуку на висоті.	2026-04-06 15:17:16.416935
282	119	8	5	Швидке автофокусування, не пропустиш момент.	2026-04-16 12:18:11.674484
283	119	7	5	Знімає в 4K приголомшливо. Стабілізація — клас.	2026-05-06 04:33:27.635145
284	120	11	5	Знімки виходять як з професійної техніки.	2026-04-24 16:39:19.582126
285	120	13	5	Швидке автофокусування, не пропустиш момент.	2026-04-24 22:28:22.358205
\.


--
-- Data for Name: products; Type: TABLE DATA; Schema: public; Owner: -
--

COPY public.products (id, name, price, old_price, img, badge, category, stock, created_at, ai_description, ai_generated_at, ai_specs) FROM stdin;
56	Apple Watch Series 11 GPS 46mm Silver Purple Fog	18099.00	\N	https://img.jabko.ua/image/cache/catalog/products/2025/09/111743/PurpleFog-(1)-300x300.png.webp	\N	Смарт-годинники	11	2026-04-18 03:59:45.988398	Apple Watch Series 11 у кольорі Silver з ремінцем Purple Fog — це втілення сучасних технологій, що поєднує стильний дизайн та передові функції для здоров'я. Годинник оснащений яскравим Always-On Retina дисплеєм та потужним процесором, що забезпечує швидку роботу інтерфейсу та точне відстеження активності. Це ідеальний вибір для користувачів, які ведуть активний спосіб життя та прагнуть бути завжди на зв'язку, отримуючи сповіщення та контролюючи життєві показники прямо з зап'ястя.	2026-05-18 12:30:05.606435	[{"label": "\\u0414\\u0438\\u0441\\u043f\\u043b\\u0435\\u0439", "value": "LTPO3 OLED, Always-On Retina, \\u044f\\u0441\\u043a\\u0440\\u0430\\u0432\\u0456\\u0441\\u0442\\u044c \\u0434\\u043e 3000 \\u043d\\u0456\\u0442"}, {"label": "\\u0420\\u043e\\u0437\\u043c\\u0456\\u0440 \\u043a\\u043e\\u0440\\u043f\\u0443\\u0441\\u0443", "value": "46 \\u043c\\u043c"}, {"label": "\\u041f\\u0440\\u043e\\u0446\\u0435\\u0441\\u043e\\u0440", "value": "Apple S11"}, {"label": "\\u0412\\u0431\\u0443\\u0434\\u043e\\u0432\\u0430\\u043d\\u0430 \\u043f\\u0430\\u043c'\\u044f\\u0442\\u044c", "value": "64 \\u0413\\u0411"}, {"label": "\\u041e\\u043f\\u0435\\u0440\\u0430\\u0446\\u0456\\u0439\\u043d\\u0430 \\u0441\\u0438\\u0441\\u0442\\u0435\\u043c\\u0430", "value": "watchOS 12"}, {"label": "\\u041c\\u0430\\u0442\\u0435\\u0440\\u0456\\u0430\\u043b \\u043a\\u043e\\u0440\\u043f\\u0443\\u0441\\u0443", "value": "\\u0410\\u043b\\u044e\\u043c\\u0456\\u043d\\u0456\\u0439"}, {"label": "\\u0417\\u0430\\u0445\\u0438\\u0441\\u0442 \\u0432\\u0456\\u0434 \\u0432\\u043e\\u0434\\u0438", "value": "50 \\u043c\\u0435\\u0442\\u0440\\u0456\\u0432 (WR50), \\u0437\\u0430\\u0445\\u0438\\u0441\\u0442 \\u0432\\u0456\\u0434 \\u043f\\u0438\\u043b\\u0443 IP6X"}, {"label": "\\u0414\\u0430\\u0442\\u0447\\u0438\\u043a\\u0438", "value": "\\u0415\\u041a\\u0413, \\u0434\\u0430\\u0442\\u0447\\u0438\\u043a \\u043a\\u0438\\u0441\\u043d\\u044e \\u0432 \\u043a\\u0440\\u043e\\u0432\\u0456, \\u043f\\u0443\\u043b\\u044c\\u0441\\u043e\\u043c\\u0435\\u0442\\u0440, \\u0442\\u0435\\u0440\\u043c\\u043e\\u043c\\u0435\\u0442\\u0440, \\u0430\\u043a\\u0441\\u0435\\u043b\\u0435\\u0440\\u043e\\u043c\\u0435\\u0442\\u0440, \\u0433\\u0456\\u0440\\u043e\\u0441\\u043a\\u043e\\u043f"}, {"label": "\\u041d\\u0430\\u0432\\u0456\\u0433\\u0430\\u0446\\u0456\\u044f", "value": "L1 GPS, GLONASS, Galileo, QZSS, BeiDou"}, {"label": "\\u0410\\u0432\\u0442\\u043e\\u043d\\u043e\\u043c\\u043d\\u0456\\u0441\\u0442\\u044c", "value": "\\u0414\\u043e 18 \\u0433\\u043e\\u0434\\u0438\\u043d \\u0437\\u0432\\u0438\\u0447\\u0430\\u0439\\u043d\\u043e\\u0433\\u043e \\u0432\\u0438\\u043a\\u043e\\u0440\\u0438\\u0441\\u0442\\u0430\\u043d\\u043d\\u044f, \\u0434\\u043e 36 \\u0433\\u043e\\u0434\\u0438\\u043d \\u0443 \\u0440\\u0435\\u0436\\u0438\\u043c\\u0456 \\u0435\\u043d\\u0435\\u0440\\u0433\\u043e\\u0437\\u0431\\u0435\\u0440\\u0435\\u0436\\u0435\\u043d\\u043d\\u044f"}, {"label": "\\u0421\\u0443\\u043c\\u0456\\u0441\\u043d\\u0456\\u0441\\u0442\\u044c", "value": "iPhone XS \\u0430\\u0431\\u043e \\u043d\\u043e\\u0432\\u0456\\u0448\\u0456 \\u043c\\u043e\\u0434\\u0435\\u043b\\u0456 \\u0437 iOS 18 \\u0430\\u0431\\u043e \\u043d\\u043e\\u0432\\u0456\\u0448\\u043e\\u044e"}, {"label": "\\u0420\\u0435\\u043c\\u0456\\u043d\\u0435\\u0446\\u044c", "value": "\\u0421\\u043f\\u043e\\u0440\\u0442\\u0438\\u0432\\u043d\\u0438\\u0439 \\u0441\\u0438\\u043b\\u0456\\u043a\\u043e\\u043d\\u043e\\u0432\\u0438\\u0439, \\u043a\\u043e\\u043b\\u0456\\u0440 Purple Fog"}]
3	Apple iPhone 17 256GB Lavender	41399.00	\N	https://img.jabko.ua/image/cache/catalog/products/2025/09/092247/edftg-300x300.png.webp	new	Смартфони	18	2026-05-02 16:59:45.796938	\N	\N	null
14	MacBook Air 13 M4 Midnight 256GB	50599.00	\N	https://img.jabko.ua/image/cache/catalog/products/2025/03/051707/midnight-1-300x300.png.webp	new	Ноутбуки	12	2026-05-03 16:21:59.932479	\N	\N	null
15	MacBook Air 13 M4 Starlight 256GB	50599.00	\N	https://img.jabko.ua/image/cache/catalog/products/2025/03/051719/starlight-1-300x300.png.webp	new	Ноутбуки	10	2026-04-25 23:03:31.115231	\N	\N	null
16	MacBook Air 13 M4 Silver 256GB	50599.00	\N	https://img.jabko.ua/image/cache/catalog/products/2025/03/051705/silver-1-300x300.png.webp	\N	Ноутбуки	8	2026-04-15 20:39:53.635901	\N	\N	null
17	MacBook Air 13 M4 Sky Blue 512GB	57699.00	\N	https://img.jabko.ua/image/cache/catalog/products/2025/03/051703/skyblue_1-(1)-300x300.jpg.webp	\N	Ноутбуки	9	2026-04-29 06:46:00.742582	\N	\N	null
18	MacBook Air 13 M4 Silver 512GB	57699.00	\N	https://img.jabko.ua/image/cache/catalog/products/2025/03/051705/silver-1-(1)-300x300.png.webp	\N	Ноутбуки	7	2026-04-16 10:40:59.409738	\N	\N	null
19	MacBook Air 13 M4 Starlight 512GB	57699.00	\N	https://img.jabko.ua/image/cache/catalog/products/2025/03/051719/starlight-1-(1)-300x300.png.webp	\N	Ноутбуки	6	2026-04-10 03:18:48.483329	\N	\N	null
21	MacBook Air 13 M4 Starlight 24GB RAM 512GB	67699.00	\N	https://img.jabko.ua/image/cache/catalog/products/2025/03/051719/starlight-1-(1)-(1)-300x300.png.webp	\N	Ноутбуки	4	2026-04-13 11:37:07.892115	\N	\N	null
22	MacBook Air 13 M4 Sky Blue 24GB RAM 512GB	67699.00	\N	https://img.jabko.ua/image/cache/catalog/products/2025/03/051703/skyblue_1-(1)-(1)-300x300.jpg.webp	\N	Ноутбуки	4	2026-04-18 02:39:32.56851	\N	\N	null
23	MacBook Air 13 M4 Midnight 24GB RAM 512GB	69499.00	\N	https://img.jabko.ua/image/cache/catalog/products/2025/03/051708/midnight-1-(1)-300x300.png.webp	\N	Ноутбуки	3	2026-04-28 19:29:32.63256	\N	\N	null
24	MacBook Air 13 M4 Midnight 1TB	70399.00	\N	https://img.jabko.ua/image/cache/catalog/products/2025/03/051708/midnight-1-300x300.png.webp	\N	Ноутбуки	3	2026-05-03 22:15:09.102056	\N	\N	null
25	Apple iPad 11 128GB Wi-Fi Blue	16699.00	18999.00	https://img.jabko.ua/image/cache/catalog/products/2025/03/041822/blue1-(1)-300x300.png.webp	sale	Планшети	20	2026-02-15 06:05:38.590579	\N	\N	null
28	Apple iPad 11 128GB Wi-Fi Yellow	17199.00	\N	https://img.jabko.ua/image/cache/catalog/products/2025/03/041824/yellow1-300x300.png.webp	new	Планшети	15	2026-05-05 22:01:38.083615	\N	\N	null
29	Apple iPad 11 256GB Wi-Fi Silver	22999.00	\N	https://img.jabko.ua/image/cache/catalog/products/2022/10/181906/ipad-2022-hero-silver-wifi-selec-300x300.jpg.webp	\N	Планшети	14	2026-04-02 01:32:03.836264	\N	\N	null
30	Apple iPad 11 256GB Wi-Fi Blue	21999.00	\N	https://img.jabko.ua/image/cache/catalog/products/2025/03/041826/blue1-300x300.png.webp	\N	Планшети	12	2026-04-13 12:13:54.228462	\N	\N	null
31	Apple iPad 11 256GB Wi-Fi Pink	22999.00	\N	https://img.jabko.ua/image/cache/catalog/products/2025/03/041827/pink1-300x300.png.webp	\N	Планшети	10	2026-04-06 23:42:27.846052	\N	\N	null
32	Apple iPad 11 256GB Wi-Fi Yellow	22999.00	\N	https://img.jabko.ua/image/cache/catalog/products/2025/03/041855/yellow1-300x300.png.webp	\N	Планшети	11	2026-04-11 09:19:13.643534	\N	\N	null
33	Apple iPad 11 128GB Wi-Fi+LTE Blue	24499.00	\N	https://img.jabko.ua/image/cache/catalog/products/2025/03/041838/blue1-300x300.png.webp	\N	Планшети	8	2026-04-19 10:14:47.751409	\N	\N	null
34	Apple iPad 11 128GB Wi-Fi+LTE Silver	24799.00	\N	https://img.jabko.ua/image/cache/catalog/products/2022/10/191048/ipad-2022-hero-silver-cell-selec-300x300.jpg.webp	\N	Планшети	7	2026-04-06 12:27:20.928616	\N	\N	null
35	Apple iPad 11 256GB Wi-Fi+LTE Blue	29499.00	\N	https://img.jabko.ua/image/cache/catalog/products/2025/03/041838/blue1-300x300.png.webp	new	Планшети	6	2026-05-01 23:32:10.840004	\N	\N	null
36	Apple iPad 11 256GB Wi-Fi+LTE Silver	29799.00	\N	https://img.jabko.ua/image/cache/catalog/products/2022/10/191048/ipad-2022-hero-silver-cell-selec-300x300.jpg.webp	\N	Планшети	5	2026-04-22 04:50:14.69769	\N	\N	null
37	AirPods Pro 2 USB-C MagSafe (2023)	8799.00	10999.00	https://img.jabko.ua/image/cache/catalog/products/2022/09/072342/MQD83%20(1)-300x300.jpg.webp	sale	Навушники	40	2026-03-02 06:21:06.353549	\N	\N	null
38	Apple AirPods Pro 3 (2025)	10999.00	\N	https://img.jabko.ua/image/cache/catalog/products/2025/09/092358/vbfbg-300x300.png.webp	new	Навушники	35	2026-05-02 17:03:10.540032	\N	\N	null
47	Apple AirPods 3 with Lightning Case	5799.00	\N	https://img.jabko.ua/image/cache/catalog/products/2021/10/182240/MME73-300x300.jpg.webp	\N	Навушники	20	2026-04-25 00:48:15.955241	\N	\N	null
48	AirPods Pro 3 Premium	13399.00	\N	https://img.jabko.ua/image/cache/catalog/products/2025/10/101713/123-airpods-300x300.jpeg.webp	new	Навушники	12	2026-05-04 21:05:42.199779	\N	\N	null
49	Apple Watch Series 11 GPS 42mm Rose Gold	16499.00	17999.00	https://img.jabko.ua/image/cache/catalog/products/2025/09/111353/LightBlush-300x300.png.webp	sale	Смарт-годинники	18	2026-03-20 22:34:36.194033	\N	\N	null
26	Apple iPad 11 128GB Wi-Fi Silver	16999.00	\N	https://img.jabko.ua/image/cache/catalog/products/2022/10/181906/ipad-2022-hero-silver-wifi-selec-300x300.jpg.webp	\N	Планшети	22	2026-04-20 19:53:42.957979	\N	\N	null
50	Apple Watch Series 11 GPS 46mm Jet Black	17299.00	\N	https://img.jabko.ua/image/cache/catalog/products/2025/09/111358/Black-300x300.png.webp	new	Смарт-годинники	22	2026-04-30 08:41:21.387606	\N	\N	null
51	Apple Watch Series 11 GPS 42mm Jet Black	16699.00	\N	https://img.jabko.ua/image/cache/catalog/products/2025/09/111356/Black-300x300.png.webp	new	Смарт-годинники	20	2026-04-30 23:53:25.952806	\N	\N	null
52	Apple Watch Series 11 GPS 46mm Rose Gold	17299.00	\N	https://img.jabko.ua/image/cache/catalog/products/2025/09/111355/LightBlush-300x300.png.webp	\N	Смарт-годинники	15	2026-04-29 06:40:55.09452	\N	\N	null
53	Apple Watch Series 11 GPS 42mm Silver Purple Fog	16899.00	\N	https://img.jabko.ua/image/cache/catalog/products/2025/09/111743/PurpleFog-300x300.png.webp	\N	Смарт-годинники	12	2026-04-27 12:19:29.807514	\N	\N	null
54	Apple Watch Series 11 GPS 46mm Space Gray	17299.00	\N	https://img.jabko.ua/image/cache/catalog/products/2025/09/111350/Black-300x300.png.webp	\N	Смарт-годинники	14	2026-04-03 22:32:20.963245	\N	\N	null
55	Apple Watch Series 11 GPS 42mm Space Gray	16499.00	\N	https://img.jabko.ua/image/cache/catalog/products/2025/09/111337/Black-300x300.png.webp	\N	Смарт-годинники	16	2026-04-15 15:00:42.645166	\N	\N	null
57	Apple Watch Series 11 GPS 42mm Jet Black M/L	16699.00	\N	https://img.jabko.ua/image/cache/catalog/products/2025/09/111356/Black-(1)-300x300.png.webp	\N	Смарт-годинники	10	2026-05-02 12:35:20.016737	\N	\N	null
58	Apple Watch Series 11 GPS 42mm Solo Loop	18499.00	\N	https://img.jabko.ua/image/cache/catalog/products/2025/12/021130/MY7U3-300x300.png.webp	new	Смарт-годинники	8	2026-05-01 19:48:58.950123	\N	\N	null
59	Apple Watch SE 2 GPS 40mm Starlight	9499.00	10599.00	https://img.jabko.ua/image/cache/catalog/products/2024/10/161233/12rgfed-300x300.jpeg.webp	sale	Смарт-годинники	30	2026-04-24 14:04:33.355984	\N	\N	null
60	Apple Watch Ultra 2 49mm Black Titanium	29799.00	\N	https://img.jabko.ua/image/cache/catalog/products/2024/09/111318/Ultra2_Black_Titanium-7-300x300.jpg.webp	\N	Смарт-годинники	8	2026-04-14 21:23:34.382794	\N	\N	null
61	Монітор MSI 23.6" MAG 244C	4149.00	4799.00	https://img.jabko.ua/image/cache/catalog/products/2025/06/131021/Untitled-300x300.png.webp	sale	Монітори	18	2026-03-09 05:53:42.343166	\N	\N	null
62	Монітор MSI 34" MAG 341CQP QD-OLED	11349.00	\N	https://img.jabko.ua/image/cache/catalog/products/2025/06/130926/Untitled-300x300.png.webp	\N	Монітори	10	2026-04-12 01:24:32.22281	\N	\N	null
63	Монітор MSI 26.5" MAG 273QP X24 QD-OLED 240Hz	23699.00	\N	https://img.jabko.ua/image/cache/catalog/products/2026/02/041803/Untitled-300x300.png.webp	new	Монітори	8	2026-04-29 07:18:24.524934	\N	\N	null
64	Монітор MSI 27" MAG 274QRFW E20 IPS 200Hz	9449.00	\N	https://img.jabko.ua/image/cache/catalog/products/2026/02/041541/Untitled-300x300.png.webp	new	Монітори	14	2026-04-29 10:38:23.33744	\N	\N	null
65	Монітор Asus 27" ProArt PA278CGV	20019.00	\N	https://img.jabko.ua/image/cache/catalog/products/2024/11/191719/12hytgred.jpeg-300x300.jpg.webp	\N	Монітори	6	2026-03-26 11:23:11.097646	\N	\N	null
67	Монітор Samsung 32" Smart Monitor M7	9799.00	\N	https://img.jabko.ua/image/cache/catalog/products/2025/04/071142/5032084115-300x300.jpg.webp	\N	Монітори	12	2026-04-27 08:26:12.48907	\N	\N	null
68	Монітор Dell 27" U2725QE IPS 120Hz	33989.00	\N	https://img.jabko.ua/image/cache/catalog/products/2025/06/121558/product%20(7)-300x300.jpg.webp	\N	Монітори	4	2026-05-06 10:31:59.87208	\N	\N	null
69	Монітор Dell 27" S2725DC IPS	17399.00	\N	https://img.jabko.ua/image/cache/catalog/products/2025/05/051055/210-BQWS.png-300x300.jpg.webp	\N	Монітори	10	2026-04-27 05:58:11.66224	\N	\N	null
70	Монітор Philips 27" 27E1N5500HE	9349.00	\N	https://img.jabko.ua/image/cache/catalog/products/2025/04/301338/product.jpg-300x300.jpg.webp	\N	Монітори	15	2026-04-30 03:53:12.665706	\N	\N	null
71	Ігровий монітор Asus ProArt 27"	20149.00	\N	https://img.jabko.ua/image/cache/catalog/products/2024/02/231907/65ngfg-300x300.jpg.webp	\N	Монітори	7	2026-04-22 21:21:27.154856	\N	\N	null
72	Монітор MSI 24.5" MAG 255XF	7399.00	\N	https://img.jabko.ua/image/cache/catalog/products/2025/09/210954/MAG_255XF-300x300.png.webp	new	Монітори	20	2026-04-20 16:28:18.205132	\N	\N	null
73	Телевізор Hisense 55" 55E8Q	33499.00	37999.00	https://img.jabko.ua/image/cache/catalog/products/2025/07/111110/7134215-4-300x300.jpg.webp	sale	Телевізори	8	2026-03-16 00:50:21.617232	\N	\N	null
74	Телевізор Hisense 50" 50E8Q	28999.00	\N	https://img.jabko.ua/image/cache/catalog/products/2025/08/211219/product-300x300.jpg.webp	\N	Телевізори	10	2026-04-23 11:57:23.792322	\N	\N	null
75	Телевізор Hisense 65" 65E8Q	44999.00	\N	https://img.jabko.ua/image/cache/catalog/products/2025/07/111110/7134215-4-300x300.jpg.webp	\N	Телевізори	6	2026-04-11 10:35:15.365607	\N	\N	null
76	Телевізор Samsung 55" QE55QN70FAUXUA	36399.00	\N	https://img.jabko.ua/image/cache/catalog/products/2025/04/181346/QE55QN70FAUXUA.png-300x300.jpg.webp	\N	Телевізори	7	2026-04-17 21:03:01.580284	\N	\N	null
77	Телевізор Samsung 50" UE50U8000FUXUA	18299.00	\N	https://img.jabko.ua/image/cache/catalog/products/2025/04/171415/product-300x300.jpg.webp	\N	Телевізори	12	2026-04-02 21:44:28.74623	\N	\N	null
79	Телевізор Hisense 75" 75E8Q	59999.00	\N	https://img.jabko.ua/image/cache/catalog/products/2025/08/211251/98909009-300x300.jpg.webp	new	Телевізори	4	2026-05-02 08:39:58.465157	\N	\N	null
80	Телевізор LG 55" OLED55C54LA	64699.00	\N	https://img.jabko.ua/image/cache/catalog/products/2025/05/261006/rtfg_merged-300x300.jpg.webp	\N	Телевізори	5	2026-04-29 12:28:47.042929	\N	\N	null
81	Телевізор LG 42" OLED42C54LA	37899.00	\N	https://img.jabko.ua/image/cache/catalog/products/2025/05/261006/rtfg_merged-300x300.jpg.webp	\N	Телевізори	8	2026-04-20 19:37:25.189115	\N	\N	null
82	Телевізор Hisense 43" 43A6Q	14599.00	\N	https://img.jabko.ua/image/cache/catalog/products/2025/07/091155/850473-2-300x300.jpg.webp	\N	Телевізори	18	2026-04-30 07:14:46.893527	\N	\N	null
83	Телевізор Xiaomi 43" TV A PRO 2026	13499.00	\N	https://img.jabko.ua/image/cache/catalog/products/2025/06/101254/L43MB-APME-2-300x300.png.webp	new	Телевізори	15	2026-04-28 21:21:27.949536	\N	\N	null
84	Телевізор Xiaomi 32" TV A 2026	6999.00	\N	https://img.jabko.ua/image/cache/catalog/products/2026/02/111701/386832b148711276161ec30e422a2490-300x300.jpg.webp	new	Телевізори	22	2026-04-28 16:19:52.421433	\N	\N	null
85	Кабель Apple USB-C Charge Cable 60W 1m White	1049.00	\N	https://img.jabko.ua/image/cache/catalog/products/2024/03/121041/13-1397x1397-300x300.jpg.webp	\N	Аксесуари	80	2026-04-05 16:57:35.101336	\N	\N	null
86	Кабель Belkin Braided Silicone USB-C 1m Black	1049.00	\N	https://img.jabko.ua/image/cache/catalog/products/2023/03/011013/1-300x300.jpg.webp	\N	Аксесуари	60	2026-04-22 07:20:59.441483	\N	\N	null
87	Кабель Belkin Braided Silicone USB-C 1m White	1049.00	\N	https://img.jabko.ua/image/cache/catalog/products/2025/03/201024/0-300x300.jpg.webp	\N	Аксесуари	58	2026-02-28 18:49:38.447186	\N	\N	null
88	9:42 Corning Glass для iPhone 17/16 Pro	7199.00	8499.00	https://img.jabko.ua/image/cache/catalog/products/2025/03/061150/16-300x300.jpg.webp	sale	Аксесуари	35	2026-04-07 02:05:27.086447	\N	\N	null
89	Захисне скло 9:42 BlackSide для iPhone 17/16 Pro	2899.00	\N	https://img.jabko.ua/image/cache/catalog/products/2025/04/151417/829389.jpg-300x300.jpg.webp	\N	Аксесуари	42	2026-05-04 00:32:08.464393	\N	\N	null
90	Захисне скло Achilles для Apple Watch (45mm)	699.00	\N	https://img.jabko.ua/image/cache/catalog/products/2024/07/121202/1-(1)-300x300.jpg.webp	\N	Аксесуари	70	2026-05-05 07:16:08.651031	\N	\N	null
91	Чохол Spigen Ultra Hybrid MagSafe для iPhone 16 Pro	1699.00	\N	https://img.jabko.ua/image/cache/catalog/products/2024/09/251154/1-300x300.jpg.webp	\N	Аксесуари	45	2026-05-03 19:42:12.422686	\N	\N	null
92	Чохол Pitaka MagEZ Case 6 для iPhone 16 Pro Max	2699.00	\N	https://img.jabko.ua/image/cache/catalog/products/2024/09/261313/5-300x300.jpg.webp	new	Аксесуари	28	2026-04-25 02:38:04.632803	\N	\N	null
93	Чохол Spigen Ultra Hybrid для Google Pixel 9	1299.00	\N	https://img.jabko.ua/image/cache/catalog/products/2024/10/021513/1-300x300.jpg.webp	\N	Аксесуари	32	2026-04-02 00:21:46.824223	\N	\N	null
94	Чохол WIWU iShield Pro для iPhone 16 Pro Max	999.00	\N	https://img.jabko.ua/image/cache/catalog/products/2024/09/121305/3-300x300.jpg.webp	\N	Аксесуари	50	2026-04-21 14:47:55.789869	\N	\N	null
95	Перехідник Satechi 7-in-1 USB-C 4K with Ethernet	3699.00	\N	https://img.jabko.ua/image/cache/catalog/products/2024/12/171327/1.png-300x300.jpg.webp	\N	Аксесуари	20	2026-05-05 21:07:05.166143	\N	\N	null
96	Чохол Dux Ducis Toby для iPad 11 (2025)	1399.00	\N	https://img.jabko.ua/image/cache/catalog/products/2022/12/051555/zashchitnyy-chekhol-dux-ducis-to%20(10)-300x300.jpg.webp	\N	Аксесуари	30	2026-04-25 01:33:58.483179	\N	\N	null
97	Sony PlayStation 5 Slim Blu-Ray 1TB	28399.00	31999.00	https://img.jabko.ua/image/cache/catalog/products/2024/01/231252/sony-playstation-5-slim-blu-ray-1tb-295790-1.jpg-300x300.jpg.webp	sale	Ігрові приставки	10	2026-03-08 20:23:38.157701	\N	\N	null
98	Sony PlayStation 5 Pro 2TB	42899.00	\N	https://img.jabko.ua/image/cache/catalog/products/2024/10/011509/826616-300x300.jpg.webp	new	Ігрові приставки	5	2026-04-27 01:50:01.804535	\N	\N	null
99	Sony PlayStation 5 Slim Digital Edition 825GB	25999.00	\N	https://img.jabko.ua/image/cache/catalog/products/2024/02/271645/ps5slim%20(1)-300x300.jpg.webp	\N	Ігрові приставки	12	2026-03-24 22:02:38.660704	\N	\N	null
100	Sony PlayStation 5 Slim Digital UA	31999.00	\N	https://img.jabko.ua/image/cache/catalog/products/2024/02/271645/ps5slim%20(1)-300x300.jpg.webp	\N	Ігрові приставки	8	2026-04-03 05:27:36.741944	\N	\N	null
102	Microsoft Xbox Series X 1TB UA	40399.00	\N	https://img.jabko.ua/image/cache/catalog/products/2023/03/271257/2-300x300.jpg.webp	\N	Ігрові приставки	6	2026-03-18 03:59:45.829376	\N	\N	null
103	Microsoft Xbox Series X 2TB Galaxy Black	34499.00	\N	https://img.jabko.ua/image/cache/catalog/products/2024/11/051503/xbox2-300x300.jpg.webp	new	Ігрові приставки	4	2026-04-25 09:18:35.426956	\N	\N	null
104	Microsoft Xbox Series X Digital Robot White 1TB	27499.00	\N	https://img.jabko.ua/image/cache/catalog/products/2024/11/071440/692e7e8b-782c-4dbb-afe4-343c94aa8a4f-300x300.jpg.webp	\N	Ігрові приставки	9	2026-04-22 14:57:52.769541	\N	\N	null
105	Nintendo Switch 2 + Mario Kart World Bundle	23699.00	\N	https://img.jabko.ua/image/cache/catalog/products/2025/04/011355/nintendo-2-300x300.jpeg.webp	new	Ігрові приставки	8	2026-05-04 10:57:47.035923	\N	\N	null
106	Nintendo Switch 2	20799.00	\N	https://img.jabko.ua/image/cache/catalog/products/2025/04/011355/nintendo-2-300x300.jpeg.webp	\N	Ігрові приставки	15	2026-04-15 05:24:02.913961	\N	\N	null
107	Valve Steam Deck OLED 512GB Black	32999.00	\N	https://img.jabko.ua/image/cache/catalog/products/2023/11/131410/45ffdfd-300x300.jpg.webp	\N	Ігрові приставки	6	2026-04-28 17:37:42.768971	\N	\N	null
108	PlayStation Portal Remote Player	13099.00	\N	https://img.jabko.ua/image/cache/catalog/products/2025/09/161359/88-300x300.jpg.webp	\N	Ігрові приставки	14	2026-04-26 18:56:58.451421	\N	\N	null
109	GoPro Hero 13 Black	14499.00	16999.00	https://img.jabko.ua/image/cache/catalog/products/2024/09/231017/Untitled-300x300.png.webp	sale	Фото та відео	12	2026-04-10 10:26:47.699255	\N	\N	null
110	GoPro Hero 12 Black	13499.00	\N	https://img.jabko.ua/image/cache/catalog/products/2023/09/251430/gopro12-300x300.jpg.webp	\N	Фото та відео	10	2026-03-01 20:23:52.663219	\N	\N	null
111	DJI Osmo Action 5 Pro Standard Combo	15999.00	\N	https://img.jabko.ua/image/cache/catalog/products/2024/10/011314/CP.OS.00000378.015-300x300.jpg.webp	new	Фото та відео	8	2026-04-20 03:23:57.511892	\N	\N	null
112	DJI Osmo Pocket 3 Creator Combo	25999.00	\N	https://img.jabko.ua/image/cache/catalog/products/2024/01/201230/821281-2-300x300.jpg.webp	\N	Фото та відео	5	2026-04-24 11:44:30.693621	\N	\N	null
113	Sony Alpha A7C II Body Black	79699.00	\N	https://img.jabko.ua/image/cache/catalog/products/2025/07/061332/848554-3-300x300.jpg.webp	\N	Фото та відео	3	2026-04-17 15:14:45.786164	\N	\N	null
114	Sony Alpha A7 IV Body	83699.00	\N	https://img.jabko.ua/image/cache/catalog/products/2025/07/081033/12hygtfd-300x300.jpg.webp	\N	Фото та відео	2	2026-04-29 14:51:52.881365	\N	\N	null
115	Sony ZV-E10 Kit 16-50mm Black	34499.00	\N	https://img.jabko.ua/image/cache/catalog/products/2025/07/061538/848559-7-300x300.jpg.webp	\N	Фото та відео	6	2026-04-05 17:12:04.806687	\N	\N	null
116	Canon PowerShot G7 X Mark III Silver	52599.00	\N	https://img.jabko.ua/image/cache/catalog/products/2025/07/040940/12jyhtgf-300x300.jpg.webp	\N	Фото та відео	4	2026-04-04 13:53:44.824378	\N	\N	null
117	Polaroid I-2 Black	33499.00	\N	https://img.jabko.ua/image/cache/catalog/products/2023/10/151410/pola-l2-300x300.jpg.webp	\N	Фото та відео	7	2026-04-13 18:47:40.994373	\N	\N	null
118	Polaroid Now+ Gen 3 Black	8399.00	\N	https://img.jabko.ua/image/cache/catalog/products/2025/03/251520/img_0_117_3427_0_1_M1jibt%20%D0%BA%D0%BE%D0%BF%D1%96%D1%8F-300x300.jpg.webp	\N	Фото та відео	10	2026-04-19 18:26:04.774886	\N	\N	null
120	Fujifilm INSTAX Mini 12 Pastel Blue	4499.00	\N	https://img.jabko.ua/image/cache/catalog/products/2023/05/150935/fotokamera-momentalnoy-pechati-f%20(4)-300x300.jpg.webp	\N	Фото та відео	20	2026-04-29 06:03:39.188718	\N	\N	null
78	Телевізор Hisense 50" 50A6Q	17699.00	\N	https://img.jabko.ua/image/cache/catalog/products/2025/07/091155/850473-2-300x300.jpg.webp	\N	Телевізори	14	2026-04-21 14:22:23.390642	Hisense 50A6Q — це 50-дюймовий 4K UHD телевізор, який забезпечує вражаючу чіткість зображення та підтримку технології HDR для насичених кольорів. Завдяки розумній операційній системі VIDAA користувачі отримують швидкий доступ до популярних стрімінгових сервісів та інтуїтивно зрозумілий інтерфейс. Ця модель стане чудовим вибором для вітальні, пропонуючи збалансоване поєднання якості зображення, сучасних функцій та стильного мінімалістичного дизайну.	2026-05-18 12:30:32.162832	[{"label": "\\u0414\\u0456\\u0430\\u0433\\u043e\\u043d\\u0430\\u043b\\u044c \\u0435\\u043a\\u0440\\u0430\\u043d\\u0430", "value": "50 \\u0434\\u044e\\u0439\\u043c\\u0456\\u0432"}, {"label": "\\u0420\\u043e\\u0437\\u0434\\u0456\\u043b\\u044c\\u043d\\u0430 \\u0437\\u0434\\u0430\\u0442\\u043d\\u0456\\u0441\\u0442\\u044c", "value": "3840 x 2160 (4K Ultra HD)"}, {"label": "\\u0422\\u0438\\u043f \\u043c\\u0430\\u0442\\u0440\\u0438\\u0446\\u0456", "value": "LED, VA"}, {"label": "\\u0427\\u0430\\u0441\\u0442\\u043e\\u0442\\u0430 \\u043e\\u043d\\u043e\\u0432\\u043b\\u0435\\u043d\\u043d\\u044f", "value": "60 \\u0413\\u0446"}, {"label": "\\u041f\\u0456\\u0434\\u0442\\u0440\\u0438\\u043c\\u043a\\u0430 HDR", "value": "HDR10, HLG, Dolby Vision"}, {"label": "\\u041e\\u043f\\u0435\\u0440\\u0430\\u0446\\u0456\\u0439\\u043d\\u0430 \\u0441\\u0438\\u0441\\u0442\\u0435\\u043c\\u0430", "value": "VIDAA U5.0"}, {"label": "\\u041f\\u043e\\u0442\\u0443\\u0436\\u043d\\u0456\\u0441\\u0442\\u044c \\u0437\\u0432\\u0443\\u043a\\u0443", "value": "20 \\u0412\\u0442 (2 x 10 \\u0412\\u0442)"}, {"label": "\\u041f\\u043e\\u0440\\u0442\\u0438 HDMI", "value": "3 x HDMI 2.0"}, {"label": "\\u041f\\u043e\\u0440\\u0442\\u0438 USB", "value": "2 x USB"}, {"label": "\\u0411\\u0435\\u0437\\u0434\\u0440\\u043e\\u0442\\u043e\\u0432\\u0456 \\u0456\\u043d\\u0442\\u0435\\u0440\\u0444\\u0435\\u0439\\u0441\\u0438", "value": "Wi-Fi (802.11 b/g/n), Bluetooth"}, {"label": "\\u0420\\u043e\\u0437\\u043c\\u0456\\u0440\\u0438 \\u0437 \\u043f\\u0456\\u0434\\u0441\\u0442\\u0430\\u0432\\u043a\\u043e\\u044e (\\u0428\\u0445\\u0412\\u0445\\u0413)", "value": "1117 x 709 x 225 \\u043c\\u043c"}, {"label": "\\u041a\\u0440\\u0456\\u043f\\u043b\\u0435\\u043d\\u043d\\u044f VESA", "value": "200 x 300 \\u043c\\u043c"}]
119	Fujifilm Instax Mini 99 Black	9299.00	\N	https://img.jabko.ua/image/cache/catalog/products/2024/07/031632/Fujifilm4-300x300.jpg.webp	\N	Фото та відео	14	2026-04-08 10:16:30.13199	Fujifilm Instax Mini 99 — це преміальна аналогова камера миттєвого друку, що поєднує класичний ретро-дизайн із сучасними творчими можливостями. Пристрій оснащений унікальною системою контролю кольору та освітлення за допомогою LED-підсвічування, що дозволяє створювати неповторні візуальні ефекти безпосередньо на знімку. Завдяки наявності режимів макрозйомки, мультиекспозиції та налаштування фокусної відстані, ця камера стане ідеальним вибором для ентузіастів творчої фотографії та поціновувачів естетики миттєвого друку.	2026-05-18 12:42:14.45349	[{"label": "\\u0422\\u0438\\u043f \\u043a\\u0430\\u043c\\u0435\\u0440\\u0438", "value": "\\u0410\\u043d\\u0430\\u043b\\u043e\\u0433\\u043e\\u0432\\u0430 \\u043c\\u0438\\u0442\\u0442\\u0454\\u0432\\u043e\\u0433\\u043e \\u0434\\u0440\\u0443\\u043a\\u0443"}, {"label": "\\u0424\\u043e\\u0440\\u043c\\u0430\\u0442 \\u043f\\u043b\\u0456\\u0432\\u043a\\u0438", "value": "Fujifilm Instax Mini"}, {"label": "\\u041e\\u0431'\\u0454\\u043a\\u0442\\u0438\\u0432", "value": "\\u0412\\u0438\\u0441\\u0443\\u0432\\u043d\\u0438\\u0439, 2 \\u043a\\u043e\\u043c\\u043f\\u043e\\u043d\\u0435\\u043d\\u0442\\u0438, 2 \\u0435\\u043b\\u0435\\u043c\\u0435\\u043d\\u0442\\u0438, f=60 \\u043c\\u043c, 1:12.7"}, {"label": "\\u0414\\u0456\\u0430\\u043f\\u0430\\u0437\\u043e\\u043d \\u0444\\u043e\\u043a\\u0443\\u0441\\u0443\\u0432\\u0430\\u043d\\u043d\\u044f", "value": "\\u041c\\u0430\\u043a\\u0440\\u043e (0.3-0.6\\u043c), \\u0421\\u0442\\u0430\\u043d\\u0434\\u0430\\u0440\\u0442 (0.6-3\\u043c), \\u041f\\u0435\\u0439\\u0437\\u0430\\u0436 (3\\u043c \\u0456 \\u0434\\u0430\\u043b\\u0456)"}, {"label": "\\u0412\\u0438\\u0442\\u0440\\u0438\\u043c\\u043a\\u0430", "value": "\\u041f\\u0440\\u043e\\u0433\\u0440\\u0430\\u043c\\u043e\\u0432\\u0430\\u043d\\u0438\\u0439 \\u0435\\u043b\\u0435\\u043a\\u0442\\u0440\\u043e\\u043d\\u043d\\u0438\\u0439 \\u0437\\u0430\\u0442\\u0432\\u043e\\u0440, 1/2 \\u2013 1/400 \\u0441\\u0435\\u043a"}, {"label": "\\u041a\\u043e\\u043d\\u0442\\u0440\\u043e\\u043b\\u044c \\u0435\\u043a\\u0441\\u043f\\u043e\\u0437\\u0438\\u0446\\u0456\\u0457", "value": "\\u0410\\u0432\\u0442\\u043e\\u043c\\u0430\\u0442\\u0438\\u0447\\u043d\\u0438\\u0439, LV 5.0 \\u2013 14.8 (ISO 800)"}, {"label": "\\u0421\\u043f\\u0430\\u043b\\u0430\\u0445", "value": "\\u0410\\u0432\\u0442\\u043e\\u043c\\u0430\\u0442\\u0438\\u0447\\u043d\\u0438\\u0439, \\u0437 \\u043c\\u043e\\u0436\\u043b\\u0438\\u0432\\u0456\\u0441\\u0442\\u044e \\u043d\\u0430\\u043b\\u0430\\u0448\\u0442\\u0443\\u0432\\u0430\\u043d\\u043d\\u044f \\u0440\\u0435\\u0436\\u0438\\u043c\\u0456\\u0432 \\u0442\\u0430 \\u0432\\u0438\\u043c\\u043a\\u043d\\u0435\\u043d\\u043d\\u044f"}, {"label": "\\u0420\\u0435\\u0436\\u0438\\u043c\\u0438 \\u0437\\u0439\\u043e\\u043c\\u043a\\u0438", "value": "\\u0412\\u043d\\u0443\\u0442\\u0440\\u0456\\u0448\\u043d\\u0454 LED-\\u043f\\u0456\\u0434\\u0441\\u0432\\u0456\\u0447\\u0443\\u0432\\u0430\\u043d\\u043d\\u044f (6 \\u043a\\u043e\\u043b\\u044c\\u043e\\u0440\\u043e\\u0432\\u0438\\u0445 \\u0435\\u0444\\u0435\\u043a\\u0442\\u0456\\u0432), \\u043c\\u0443\\u043b\\u044c\\u0442\\u0438\\u0435\\u043a\\u0441\\u043f\\u043e\\u0437\\u0438\\u0446\\u0456\\u044f"}, {"label": "\\u0412\\u0438\\u0434\\u043e\\u0448\\u0443\\u043a\\u0430\\u0447", "value": "\\u041e\\u043f\\u0442\\u0438\\u0447\\u043d\\u0438\\u0439, 0.37x, \\u0437 \\u0446\\u0456\\u043b\\u044c\\u043e\\u0432\\u043e\\u044e \\u0442\\u043e\\u0447\\u043a\\u043e\\u044e \\u0442\\u0430 \\u043a\\u043e\\u0440\\u0435\\u043a\\u0446\\u0456\\u0454\\u044e \\u043f\\u0430\\u0440\\u0430\\u043b\\u0430\\u043a\\u0441\\u0430"}, {"label": "\\u0410\\u043a\\u0443\\u043c\\u0443\\u043b\\u044f\\u0442\\u043e\\u0440", "value": "\\u041b\\u0456\\u0442\\u0456\\u0439-\\u0456\\u043e\\u043d\\u043d\\u0438\\u0439 NP-70S (\\u043f\\u0435\\u0440\\u0435\\u0437\\u0430\\u0440\\u044f\\u0434\\u0436\\u0443\\u0432\\u0430\\u043d\\u0438\\u0439)"}, {"label": "\\u0422\\u0430\\u0439\\u043c\\u0435\\u0440", "value": "\\u0415\\u043b\\u0435\\u043a\\u0442\\u0440\\u043e\\u043d\\u043d\\u0438\\u0439, \\u043f\\u0440\\u0438\\u0431\\u043b\\u0438\\u0437\\u043d\\u043e 10 \\u0441\\u0435\\u043a\\u0443\\u043d\\u0434"}, {"label": "\\u0420\\u043e\\u0437\\u043c\\u0456\\u0440\\u0438", "value": "103.5 x 117.5 x 60 \\u043c\\u043c"}]
13	MacBook Air 13 M4 Sky Blue 256GB	50599.00	53999.00	https://img.jabko.ua/image/cache/catalog/products/2025/03/051703/skyblue_1-300x300.jpg.webp	sale	Ноутбуки	14	2026-05-05 09:40:31.231508	MacBook Air 13 з новітнім чипом M4 поєднує неймовірну продуктивність, енергоефективність та ультратонкий дизайн у стильному кольорі Sky Blue. Пристрій ідеально підходить для професійної творчої роботи, навчання та повсякденних завдань завдяки високій автономності та яскравому дисплею Liquid Retina. Завдяки пасивному охолодженню ноутбук працює абсолютно безшумно, забезпечуючи комфорт у будь-яких умовах.	2026-05-19 13:32:40.192316	[{"label": "\\u041f\\u0440\\u043e\\u0446\\u0435\\u0441\\u043e\\u0440", "value": "Apple M4 (8-\\u044f\\u0434\\u0435\\u0440\\u043d\\u0438\\u0439 CPU, 8-\\u044f\\u0434\\u0435\\u0440\\u043d\\u0438\\u0439 GPU)"}, {"label": "\\u041e\\u043f\\u0435\\u0440\\u0430\\u0442\\u0438\\u0432\\u043d\\u0430 \\u043f\\u0430\\u043c'\\u044f\\u0442\\u044c", "value": "16GB \\u043e\\u0431'\\u0454\\u0434\\u043d\\u0430\\u043d\\u043e\\u0457 \\u043f\\u0430\\u043c'\\u044f\\u0442\\u0456"}, {"label": "\\u041d\\u0430\\u043a\\u043e\\u043f\\u0438\\u0447\\u0443\\u0432\\u0430\\u0447", "value": "256GB SSD"}, {"label": "\\u0414\\u0438\\u0441\\u043f\\u043b\\u0435\\u0439", "value": "13.6 \\u0434\\u044e\\u0439\\u043c\\u0430, Liquid Retina, 2560x1664, 500 \\u043d\\u0456\\u0442"}, {"label": "\\u0412\\u0456\\u0434\\u0435\\u043e\\u043a\\u0430\\u0440\\u0442\\u0430", "value": "\\u0406\\u043d\\u0442\\u0435\\u0433\\u0440\\u043e\\u0432\\u0430\\u043d\\u0430 8-\\u044f\\u0434\\u0435\\u0440\\u043d\\u0430 \\u0433\\u0440\\u0430\\u0444\\u0456\\u0447\\u043d\\u0430 \\u0441\\u0438\\u0441\\u0442\\u0435\\u043c\\u0430"}, {"label": "\\u041e\\u043f\\u0435\\u0440\\u0430\\u0446\\u0456\\u0439\\u043d\\u0430 \\u0441\\u0438\\u0441\\u0442\\u0435\\u043c\\u0430", "value": "macOS"}, {"label": "\\u041f\\u043e\\u0440\\u0442\\u0438", "value": "2x Thunderbolt / USB 4, MagSafe 3, 3.5 \\u043c\\u043c \\u0430\\u0443\\u0434\\u0456\\u043e\\u0432\\u0438\\u0445\\u0456\\u0434"}, {"label": "\\u0410\\u043a\\u0443\\u043c\\u0443\\u043b\\u044f\\u0442\\u043e\\u0440", "value": "\\u0414\\u043e 18 \\u0433\\u043e\\u0434\\u0438\\u043d \\u0430\\u0432\\u0442\\u043e\\u043d\\u043e\\u043c\\u043d\\u043e\\u0457 \\u0440\\u043e\\u0431\\u043e\\u0442\\u0438"}, {"label": "\\u041a\\u043b\\u0430\\u0432\\u0456\\u0430\\u0442\\u0443\\u0440\\u0430", "value": "Magic Keyboard \\u0437 \\u043f\\u0456\\u0434\\u0441\\u0432\\u0456\\u0442\\u043a\\u043e\\u044e \\u0442\\u0430 Touch ID"}, {"label": "\\u0412\\u0430\\u0433\\u0430", "value": "1.24 \\u043a\\u0433"}]
39	Apple AirPods 4 with ANC (2024)	7599.00	\N	https://img.jabko.ua/image/cache/catalog/products/2025/10/221710/derf-300x300.png.webp	new	Навушники	45	2026-05-03 08:24:14.011932	\N	\N	null
40	Apple AirPods 4 (2024)	5599.00	\N	https://img.jabko.ua/image/cache/catalog/products/2025/10/221711/derf-300x300.png.webp	\N	Навушники	55	2026-04-08 18:59:10.125357	\N	\N	null
41	AirPods Max USB-C 2024 Starlight	23799.00	27999.00	https://img.jabko.ua/image/cache/catalog/products/2024/09/092318/2-(1)-(1)-300x300.jpg.webp	sale	Навушники	20	2026-03-22 19:40:35.960683	\N	\N	null
42	AirPods Max USB-C 2024 Midnight	23799.00	\N	https://img.jabko.ua/image/cache/catalog/products/2024/09/092355/2-300x300.jpg.webp	\N	Навушники	18	2026-05-04 21:49:17.787995	\N	\N	null
43	AirPods Max USB-C 2024 Blue	23099.00	\N	https://img.jabko.ua/image/cache/catalog/products/2024/09/092317/2-300x300.jpg.webp	\N	Навушники	15	2026-04-24 10:34:27.553921	\N	\N	null
44	AirPods Max USB-C 2024 Purple	23099.00	\N	https://img.jabko.ua/image/cache/catalog/products/2024/09/092318/2-300x300.jpg.webp	\N	Навушники	14	2026-04-21 17:48:59.789829	\N	\N	null
46	Apple AirPods 3 with MagSafe Case	6699.00	\N	https://img.jabko.ua/image/cache/catalog/products/2021/10/182240/MME73-300x300.jpg.webp	\N	Навушники	22	2026-04-09 17:22:15.483075	\N	\N	null
27	Apple iPad 11 128GB Wi-Fi Pink	16999.00	\N	https://img.jabko.ua/image/cache/catalog/products/2025/03/041823/pink1-300x300.png.webp	new	Планшети	18	2026-05-05 19:17:26.575505	Apple iPad 11 (2024) у ніжному рожевому кольорі поєднує витончений дизайн та надзвичайну потужність завдяки чипу M2. Яскравий 11-дюймовий дисплей Liquid Retina забезпечує неймовірну чіткість та точність передачі кольорів, що робить його ідеальним для творчості, навчання та перегляду контенту. Цей планшет стане надійним супутником для студентів та креативних професіоналів, які цінують мобільність, продуктивність та екосистему Apple.	2026-05-18 13:27:16.529909	[{"label": "\\u0414\\u0438\\u0441\\u043f\\u043b\\u0435\\u0439", "value": "11-\\u0434\\u044e\\u0439\\u043c\\u043e\\u0432\\u0438\\u0439 Liquid Retina, 2360x1640 \\u043f\\u0456\\u043a\\u0441\\u0435\\u043b\\u0456\\u0432"}, {"label": "\\u041f\\u0440\\u043e\\u0446\\u0435\\u0441\\u043e\\u0440", "value": "Apple M2 (8-\\u044f\\u0434\\u0435\\u0440\\u043d\\u0438\\u0439 CPU, 10-\\u044f\\u0434\\u0435\\u0440\\u043d\\u0438\\u0439 GPU)"}, {"label": "\\u041e\\u043f\\u0435\\u0440\\u0430\\u0442\\u0438\\u0432\\u043d\\u0430 \\u043f\\u0430\\u043c'\\u044f\\u0442\\u044c", "value": "8 \\u0413\\u0411"}, {"label": "\\u0412\\u0431\\u0443\\u0434\\u043e\\u0432\\u0430\\u043d\\u0430 \\u043f\\u0430\\u043c'\\u044f\\u0442\\u044c", "value": "128 \\u0413\\u0411"}, {"label": "\\u041e\\u0441\\u043d\\u043e\\u0432\\u043d\\u0430 \\u043a\\u0430\\u043c\\u0435\\u0440\\u0430", "value": "12 \\u041c\\u043f, \\u0448\\u0438\\u0440\\u043e\\u043a\\u043e\\u043a\\u0443\\u0442\\u043d\\u0430"}, {"label": "\\u0424\\u0440\\u043e\\u043d\\u0442\\u0430\\u043b\\u044c\\u043d\\u0430 \\u043a\\u0430\\u043c\\u0435\\u0440\\u0430", "value": "12 \\u041c\\u043f, \\u0443\\u043b\\u044c\\u0442\\u0440\\u0430\\u0448\\u0438\\u0440\\u043e\\u043a\\u043e\\u043a\\u0443\\u0442\\u043d\\u0430 (Landscape)"}, {"label": "\\u0410\\u043a\\u0443\\u043c\\u0443\\u043b\\u044f\\u0442\\u043e\\u0440", "value": "Li-Pol, \\u0434\\u043e 10 \\u0433\\u043e\\u0434\\u0438\\u043d \\u0440\\u043e\\u0431\\u043e\\u0442\\u0438 \\u0432 \\u0456\\u043d\\u0442\\u0435\\u0440\\u043d\\u0435\\u0442\\u0456 \\u043f\\u043e Wi-Fi"}, {"label": "\\u041e\\u043f\\u0435\\u0440\\u0430\\u0446\\u0456\\u0439\\u043d\\u0430 \\u0441\\u0438\\u0441\\u0442\\u0435\\u043c\\u0430", "value": "iPadOS"}, {"label": "\\u041f\\u0456\\u0434\\u0442\\u0440\\u0438\\u043c\\u043a\\u0430 \\u0441\\u0442\\u0438\\u043b\\u0443\\u0441\\u0430", "value": "Apple Pencil Pro, Apple Pencil (USB-C)"}, {"label": "\\u041f\\u0456\\u0434\\u043a\\u043b\\u044e\\u0447\\u0435\\u043d\\u043d\\u044f", "value": "Wi-Fi 6E, Bluetooth 5.3, USB-C (Thunderbolt / USB 4)"}, {"label": "\\u0411\\u0435\\u0437\\u043f\\u0435\\u043a\\u0430", "value": "Touch ID \\u0432\\u0431\\u0443\\u0434\\u043e\\u0432\\u0430\\u043d\\u0438\\u0439 \\u0443 \\u0432\\u0435\\u0440\\u0445\\u043d\\u044e \\u043a\\u043d\\u043e\\u043f\\u043a\\u0443"}, {"label": "\\u041a\\u043e\\u043b\\u0456\\u0440", "value": "Pink"}]
66	Ігровий монітор BenQ 24.1" TN 280Hz XL2546X+	21999.00	\N	https://img.jabko.ua/image/cache/catalog/products/2025/11/251440/843386-300x300.png.webp	\N	Монітори	5	2026-04-10 11:58:07.66035	BenQ Zowie XL2546X+ — це професійний кіберспортивний монітор, створений для забезпечення максимальної плавності в динамічних іграх завдяки частоті оновлення 280 Гц та технології DyAc 2. Пристрій оснащений високошвидкісною TN-панеллю, що мінімізує розмиття руху, та має ергономічну підставку з широкими можливостями регулювання. Це ідеальний вибір для професійних гравців у шутери, які прагнуть отримати безкомпромісну чіткість та швидкість реакції під час змагань.	2026-05-18 13:29:33.298412	[{"label": "\\u0414\\u0456\\u0430\\u0433\\u043e\\u043d\\u0430\\u043b\\u044c", "value": "24.1 \\u0434\\u044e\\u0439\\u043c\\u0430"}, {"label": "\\u0420\\u043e\\u0437\\u0434\\u0456\\u043b\\u044c\\u043d\\u0456\\u0441\\u0442\\u044c", "value": "1920 x 1080 (Full HD)"}, {"label": "\\u0422\\u0438\\u043f \\u043c\\u0430\\u0442\\u0440\\u0438\\u0446\\u0456", "value": "Fast TN"}, {"label": "\\u0427\\u0430\\u0441\\u0442\\u043e\\u0442\\u0430 \\u043e\\u043d\\u043e\\u0432\\u043b\\u0435\\u043d\\u043d\\u044f", "value": "280 \\u0413\\u0446"}, {"label": "\\u0427\\u0430\\u0441 \\u0432\\u0456\\u0434\\u0433\\u0443\\u043a\\u0443", "value": "0.5 \\u043c\\u0441 (GtG)"}, {"label": "\\u042f\\u0441\\u043a\\u0440\\u0430\\u0432\\u0456\\u0441\\u0442\\u044c", "value": "320 \\u043a\\u0434/\\u043c\\u00b2"}, {"label": "\\u041a\\u043e\\u043d\\u0442\\u0440\\u0430\\u0441\\u0442\\u043d\\u0456\\u0441\\u0442\\u044c", "value": "1000:1"}, {"label": "\\u0412\\u0456\\u0434\\u0435\\u043e\\u043f\\u043e\\u0440\\u0442\\u0438", "value": "3x HDMI 2.0, 1x DisplayPort 1.4"}, {"label": "HDR", "value": "\\u041d\\u0435 \\u043f\\u0456\\u0434\\u0442\\u0440\\u0438\\u043c\\u0443\\u0454\\u0442\\u044c\\u0441\\u044f"}, {"label": "\\u041a\\u0440\\u0456\\u043f\\u043b\\u0435\\u043d\\u043d\\u044f VESA", "value": "100 x 100 \\u043c\\u043c"}, {"label": "\\u0422\\u0435\\u0445\\u043d\\u043e\\u043b\\u043e\\u0433\\u0456\\u0457", "value": "DyAc 2 (Dynamic Accuracy)"}]
20	MacBook Air 13 M4 Silver 24GB RAM 512GB	69499.00	\N	https://img.jabko.ua/image/cache/catalog/products/2025/03/051706/silver-1-(1)-300x300.png.webp	\N	Ноутбуки	5	2026-05-07 10:49:03.622108	MacBook Air 13 M4 у кольорі Silver — це еталонний ультрапортативний ноутбук, що поєднує надзвичайну енергоефективність чипа M4 та 24 ГБ оперативної пам'яті для безкомпромісної багатозадачності. Пристрій оснащений яскравим дисплеєм Liquid Retina та пропонує вражаючу автономність, роблячи його ідеальним вибором для професіоналів, студентів та творчих людей. Завдяки пасивному охолодженню ноутбук працює абсолютно безшумно навіть при високих навантаженнях.	2026-05-18 14:21:11.706776	[{"label": "\\u041f\\u0440\\u043e\\u0446\\u0435\\u0441\\u043e\\u0440", "value": "Apple M4 (8-\\u044f\\u0434\\u0435\\u0440\\u043d\\u0438\\u0439 CPU, 10-\\u044f\\u0434\\u0435\\u0440\\u043d\\u0438\\u0439 GPU)"}, {"label": "\\u041e\\u043f\\u0435\\u0440\\u0430\\u0442\\u0438\\u0432\\u043d\\u0430 \\u043f\\u0430\\u043c'\\u044f\\u0442\\u044c", "value": "24 \\u0413\\u0411 \\u043e\\u0431'\\u0454\\u0434\\u043d\\u0430\\u043d\\u043e\\u0457 \\u043f\\u0430\\u043c'\\u044f\\u0442\\u0456"}, {"label": "\\u041d\\u0430\\u043a\\u043e\\u043f\\u0438\\u0447\\u0443\\u0432\\u0430\\u0447", "value": "512 \\u0413\\u0411 SSD"}, {"label": "\\u0414\\u0438\\u0441\\u043f\\u043b\\u0435\\u0439", "value": "13.6-\\u0434\\u044e\\u0439\\u043c\\u043e\\u0432\\u0438\\u0439 Liquid Retina \\u0437 \\u0442\\u0435\\u0445\\u043d\\u043e\\u043b\\u043e\\u0433\\u0456\\u0454\\u044e True Tone"}, {"label": "\\u0420\\u043e\\u0437\\u0434\\u0456\\u043b\\u044c\\u043d\\u0430 \\u0437\\u0434\\u0430\\u0442\\u043d\\u0456\\u0441\\u0442\\u044c", "value": "2560 x 1664 \\u043f\\u0456\\u043a\\u0441\\u0435\\u043b\\u0456\\u0432"}, {"label": "\\u041e\\u043f\\u0435\\u0440\\u0430\\u0446\\u0456\\u0439\\u043d\\u0430 \\u0441\\u0438\\u0441\\u0442\\u0435\\u043c\\u0430", "value": "macOS"}, {"label": "\\u041f\\u043e\\u0440\\u0442\\u0438", "value": "2 x Thunderbolt / USB 4, MagSafe 3, \\u0432\\u0438\\u0445\\u0456\\u0434 3.5 \\u043c\\u043c \\u0434\\u043b\\u044f \\u043d\\u0430\\u0432\\u0443\\u0448\\u043d\\u0438\\u043a\\u0456\\u0432"}, {"label": "\\u0410\\u043a\\u0443\\u043c\\u0443\\u043b\\u044f\\u0442\\u043e\\u0440", "value": "\\u0414\\u043e 18 \\u0433\\u043e\\u0434\\u0438\\u043d \\u0430\\u0432\\u0442\\u043e\\u043d\\u043e\\u043c\\u043d\\u043e\\u0457 \\u0440\\u043e\\u0431\\u043e\\u0442\\u0438"}, {"label": "\\u041a\\u043b\\u0430\\u0432\\u0456\\u0430\\u0442\\u0443\\u0440\\u0430", "value": "Magic Keyboard \\u0437 \\u043f\\u0456\\u0434\\u0441\\u0432\\u0456\\u0442\\u043a\\u043e\\u044e \\u0442\\u0430 Touch ID"}, {"label": "\\u0412\\u0430\\u0433\\u0430", "value": "1.24 \\u043a\\u0433"}, {"label": "\\u041c\\u0430\\u0442\\u0435\\u0440\\u0456\\u0430\\u043b \\u043a\\u043e\\u0440\\u043f\\u0443\\u0441\\u0443", "value": "\\u0410\\u043d\\u043e\\u0434\\u043e\\u0432\\u0430\\u043d\\u0438\\u0439 \\u0430\\u043b\\u044e\\u043c\\u0456\\u043d\\u0456\\u0439"}]
4	Apple iPhone 17 256GB Mist Blue	41699.00	\N	https://img.jabko.ua/image/cache/catalog/products/2025/09/092250/wedfg-(1)-300x300.png.webp	new	Смартфони	20	2026-05-04 02:05:44.868449	\N	\N	null
1	Apple iPhone 17 256GB White	41699.00	44999.00	https://img.jabko.ua/image/cache/catalog/products/2025/09/092239/vfgr-300x300.png.webp	sale	Смартфони	25	2026-03-14 06:22:40.984991	Apple iPhone 17 256GB у витонченому білому кольорі — це втілення інновацій, що пропонує користувачам надзвичайну продуктивність завдяки новітньому чипу серії A. Смартфон оснащений вдосконаленою системою камер для професійної зйомки та яскравим дисплеєм з високою частотою оновлення для бездоганної плавності. Ця модель ідеально підходить для професіоналів, творців контенту та тих, хто цінує надійність, стиль і найкращий користувацький досвід в екосистемі Apple.	2026-05-18 21:17:06.312071	[{"label": "\\u0414\\u0438\\u0441\\u043f\\u043b\\u0435\\u0439", "value": "6.1 \\u0434\\u044e\\u0439\\u043c\\u0430, Super Retina XDR OLED, 120 \\u0413\\u0446 ProMotion"}, {"label": "\\u041f\\u0440\\u043e\\u0446\\u0435\\u0441\\u043e\\u0440", "value": "Apple A19 Bionic"}, {"label": "\\u041e\\u043f\\u0435\\u0440\\u0430\\u0442\\u0438\\u0432\\u043d\\u0430 \\u043f\\u0430\\u043c'\\u044f\\u0442\\u044c", "value": "8 \\u0413\\u0411"}, {"label": "\\u0412\\u0431\\u0443\\u0434\\u043e\\u0432\\u0430\\u043d\\u0430 \\u043f\\u0430\\u043c'\\u044f\\u0442\\u044c", "value": "256 \\u0413\\u0411"}, {"label": "\\u041e\\u0441\\u043d\\u043e\\u0432\\u043d\\u0430 \\u043a\\u0430\\u043c\\u0435\\u0440\\u0430", "value": "\\u041f\\u043e\\u0434\\u0432\\u0456\\u0439\\u043d\\u0430 \\u0441\\u0438\\u0441\\u0442\\u0435\\u043c\\u0430: 48 \\u041c\\u043f (\\u043e\\u0441\\u043d\\u043e\\u0432\\u043d\\u0430) + 12 \\u041c\\u043f (\\u0443\\u043b\\u044c\\u0442\\u0440\\u0430\\u0448\\u0438\\u0440\\u043e\\u043a\\u043e\\u043a\\u0443\\u0442\\u043d\\u0430)"}, {"label": "\\u0424\\u0440\\u043e\\u043d\\u0442\\u0430\\u043b\\u044c\\u043d\\u0430 \\u043a\\u0430\\u043c\\u0435\\u0440\\u0430", "value": "12 \\u041c\\u043f TrueDepth \\u0437 \\u0430\\u0432\\u0442\\u043e\\u0444\\u043e\\u043a\\u0443\\u0441\\u043e\\u043c"}, {"label": "\\u0410\\u043a\\u0443\\u043c\\u0443\\u043b\\u044f\\u0442\\u043e\\u0440", "value": "\\u041b\\u0456\\u0442\\u0456\\u0439-\\u0456\\u043e\\u043d\\u043d\\u0438\\u0439, \\u043f\\u0456\\u0434\\u0442\\u0440\\u0438\\u043c\\u043a\\u0430 \\u0448\\u0432\\u0438\\u0434\\u043a\\u043e\\u0457 \\u0437\\u0430\\u0440\\u044f\\u0434\\u043a\\u0438 \\u0442\\u0430 MagSafe"}, {"label": "\\u041e\\u043f\\u0435\\u0440\\u0430\\u0446\\u0456\\u0439\\u043d\\u0430 \\u0441\\u0438\\u0441\\u0442\\u0435\\u043c\\u0430", "value": "iOS 19"}, {"label": "\\u0417\\u0430\\u0445\\u0438\\u0441\\u0442", "value": "IP68 (\\u0437\\u0430\\u043d\\u0443\\u0440\\u0435\\u043d\\u043d\\u044f \\u0434\\u043e 6 \\u043c\\u0435\\u0442\\u0440\\u0456\\u0432 \\u0434\\u043e 30 \\u0445\\u0432)"}, {"label": "SIM-\\u043a\\u0430\\u0440\\u0442\\u0430", "value": "Dual SIM (nano-SIM + eSIM \\u0430\\u0431\\u043e \\u0434\\u0432\\u0456 eSIM)"}, {"label": "\\u0411\\u0435\\u0437\\u0434\\u0440\\u043e\\u0442\\u043e\\u0432\\u0456 \\u0442\\u0435\\u0445\\u043d\\u043e\\u043b\\u043e\\u0433\\u0456\\u0457", "value": "5G, Wi-Fi 7, Bluetooth 5.4, NFC"}, {"label": "\\u041c\\u0430\\u0442\\u0435\\u0440\\u0456\\u0430\\u043b \\u043a\\u043e\\u0440\\u043f\\u0443\\u0441\\u0443", "value": "\\u0410\\u043b\\u044e\\u043c\\u0456\\u043d\\u0456\\u0439 \\u0442\\u0430 \\u0441\\u043a\\u043b\\u043e Ceramic Shield"}]
5	Apple iPhone 17 256GB Sage	41699.00	\N	https://img.jabko.ua/image/cache/catalog/products/2025/09/092253/wert-(1)-(1)-300x300.png.webp	\N	Смартфони	15	2026-04-08 04:47:46.876715	\N	\N	null
7	Apple iPhone 17 512GB Lavender	54799.00	\N	https://img.jabko.ua/image/cache/catalog/products/2025/09/092247/edftg-(1)-300x300.png.webp	\N	Смартфони	10	2026-04-05 12:57:56.065477	\N	\N	null
8	Apple iPhone 17 512GB Sage	52799.00	\N	https://img.jabko.ua/image/cache/catalog/products/2025/09/092254/wert-300x300.png.webp	\N	Смартфони	8	2026-05-04 16:51:59.878134	\N	\N	null
9	Apple iPhone 17 256GB White e-Sim	39299.00	42999.00	https://img.jabko.ua/image/cache/catalog/products/2025/09/092242/vfgr-(1)-300x300.png.webp	sale	Смартфони	14	2026-04-06 00:20:58.001305	\N	\N	null
11	Apple iPhone 17 512GB White e-Sim	52599.00	\N	https://img.jabko.ua/image/cache/catalog/products/2025/09/092242/vfgr-300x300.png.webp	\N	Смартфони	9	2026-04-26 17:26:35.341714	\N	\N	null
12	Apple iPhone 17 512GB Black e-Sim	49999.00	\N	https://img.jabko.ua/image/cache/catalog/products/2025/09/092244/tghn-(1)-(1)-300x300.png.webp	\N	Смартфони	7	2026-04-14 22:01:30.03272	\N	\N	null
10	Apple iPhone 17 256GB Sage e-Sim	38899.00	42999.00	https://img.jabko.ua/image/cache/catalog/products/2025/09/092253/wert-(1)-300x300.png.webp	sale	Смартфони	11	2026-05-05 13:44:57.809705	Apple iPhone 17 у вишуканому кольорі Sage поєднує в собі передові технології та стильний дизайн, пропонуючи користувачам безкомпромісну продуктивність. Смартфон оснащений потужним процесором, що забезпечує миттєву роботу інтерфейсу та високу енергоефективність для виконання будь-яких завдань. Ця модель ідеально підходить для тих, хто цінує професійну якість зйомки, тривалий час автономної роботи та надійність екосистеми Apple.	2026-05-28 22:23:03.376767	[{"label": "\\u0414\\u0438\\u0441\\u043f\\u043b\\u0435\\u0439", "value": "6.1 \\u0434\\u044e\\u0439\\u043c\\u0430, Super Retina XDR OLED, 120 \\u0413\\u0446"}, {"label": "\\u041f\\u0440\\u043e\\u0446\\u0435\\u0441\\u043e\\u0440", "value": "Apple A19 Bionic"}, {"label": "\\u041e\\u043f\\u0435\\u0440\\u0430\\u0442\\u0438\\u0432\\u043d\\u0430 \\u043f\\u0430\\u043c'\\u044f\\u0442\\u044c", "value": "8 \\u0413\\u0411"}, {"label": "\\u0412\\u0431\\u0443\\u0434\\u043e\\u0432\\u0430\\u043d\\u0430 \\u043f\\u0430\\u043c'\\u044f\\u0442\\u044c", "value": "256 \\u0413\\u0411"}, {"label": "\\u041e\\u0441\\u043d\\u043e\\u0432\\u043d\\u0430 \\u043a\\u0430\\u043c\\u0435\\u0440\\u0430", "value": "\\u041f\\u043e\\u0434\\u0432\\u0456\\u0439\\u043d\\u0430: 48 \\u041c\\u041f (\\u0448\\u0438\\u0440\\u043e\\u043a\\u043e\\u043a\\u0443\\u0442\\u043d\\u0430) + 12 \\u041c\\u041f (\\u0443\\u043b\\u044c\\u0442\\u0440\\u0430\\u0448\\u0438\\u0440\\u043e\\u043a\\u043e\\u043a\\u0443\\u0442\\u043d\\u0430)"}, {"label": "\\u0424\\u0440\\u043e\\u043d\\u0442\\u0430\\u043b\\u044c\\u043d\\u0430 \\u043a\\u0430\\u043c\\u0435\\u0440\\u0430", "value": "12 \\u041c\\u041f \\u0437 \\u0430\\u0432\\u0442\\u043e\\u0444\\u043e\\u043a\\u0443\\u0441\\u043e\\u043c"}, {"label": "\\u0410\\u043a\\u0443\\u043c\\u0443\\u043b\\u044f\\u0442\\u043e\\u0440", "value": "\\u041f\\u0456\\u0434\\u0442\\u0440\\u0438\\u043c\\u043a\\u0430 \\u0448\\u0432\\u0438\\u0434\\u043a\\u043e\\u0457 \\u0437\\u0430\\u0440\\u044f\\u0434\\u043a\\u0438 \\u0442\\u0430 MagSafe"}, {"label": "\\u041e\\u043f\\u0435\\u0440\\u0430\\u0446\\u0456\\u0439\\u043d\\u0430 \\u0441\\u0438\\u0441\\u0442\\u0435\\u043c\\u0430", "value": "iOS 19"}, {"label": "\\u0417\\u0430\\u0445\\u0438\\u0441\\u0442 \\u0432\\u0456\\u0434 \\u0432\\u043e\\u043b\\u043e\\u0433\\u0438 \\u0442\\u0430 \\u043f\\u0438\\u043b\\u0443", "value": "IP68"}, {"label": "SIM-\\u043a\\u0430\\u0440\\u0442\\u0430", "value": "Dual e-Sim"}, {"label": "\\u0411\\u0435\\u0437\\u0434\\u0440\\u043e\\u0442\\u043e\\u0432\\u0456 \\u0442\\u0435\\u0445\\u043d\\u043e\\u043b\\u043e\\u0433\\u0456\\u0457", "value": "5G, Wi-Fi 7, Bluetooth 5.4, NFC"}]
6	Apple iPhone 17 512GB Black	52299.00	\N	https://img.jabko.ua/image/cache/catalog/products/2025/09/092243/tghn-300x300.png.webp	\N	Смартфони	12	2026-04-11 22:39:31.635759	Apple iPhone 17 — це еталонний смартфон, що поєднує інноваційний процесор A19 Bionic, надшвидку роботу в режимі багатозадачності та вдосконалену систему камер для професійної зйомки. Пристрій оснащений яскравим OLED-дисплеєм з адаптивною частотою оновлення, що забезпечує ідеальну плавність та деталізацію зображення. Завдяки міцному корпусу з рейтингом IP68 та розширеному обсягу пам’яті 512 ГБ, цей смартфон стане ідеальним вибором для тих, хто цінує надійність, продуктивність та комфорт під час створення контенту.	2026-05-28 01:12:25.23062	[{"label": "\\u0414\\u0438\\u0441\\u043f\\u043b\\u0435\\u0439", "value": "6.1\\" Super Retina XDR OLED, 120 \\u0413\\u0446"}, {"label": "\\u041f\\u0440\\u043e\\u0446\\u0435\\u0441\\u043e\\u0440", "value": "Apple A19 Bionic"}, {"label": "\\u041e\\u043f\\u0435\\u0440\\u0430\\u0442\\u0438\\u0432\\u043d\\u0430 \\u043f\\u0430\\u043c'\\u044f\\u0442\\u044c", "value": "8 \\u0413\\u0411"}, {"label": "\\u0412\\u0431\\u0443\\u0434\\u043e\\u0432\\u0430\\u043d\\u0430 \\u043f\\u0430\\u043c'\\u044f\\u0442\\u044c", "value": "512 \\u0413\\u0411"}, {"label": "\\u041e\\u0441\\u043d\\u043e\\u0432\\u043d\\u0430 \\u043a\\u0430\\u043c\\u0435\\u0440\\u0430", "value": "\\u041f\\u043e\\u0434\\u0432\\u0456\\u0439\\u043d\\u0430: 48 \\u041c\\u043f (\\u043e\\u0441\\u043d\\u043e\\u0432\\u043d\\u0430) + 12 \\u041c\\u043f (\\u0443\\u043b\\u044c\\u0442\\u0440\\u0430\\u0448\\u0438\\u0440\\u043e\\u043a\\u043e\\u043a\\u0443\\u0442\\u043d\\u0430)"}, {"label": "\\u0424\\u0440\\u043e\\u043d\\u0442\\u0430\\u043b\\u044c\\u043d\\u0430 \\u043a\\u0430\\u043c\\u0435\\u0440\\u0430", "value": "12 \\u041c\\u043f TrueDepth"}, {"label": "\\u041e\\u043f\\u0435\\u0440\\u0430\\u0446\\u0456\\u0439\\u043d\\u0430 \\u0441\\u0438\\u0441\\u0442\\u0435\\u043c\\u0430", "value": "iOS 19"}, {"label": "\\u0417\\u0430\\u0445\\u0438\\u0441\\u0442 \\u0432\\u0456\\u0434 \\u0432\\u043e\\u0434\\u0438 \\u0442\\u0430 \\u043f\\u0438\\u043b\\u0443", "value": "IP68"}, {"label": "\\u0422\\u0438\\u043f SIM-\\u043a\\u0430\\u0440\\u0442\\u0438", "value": "Nano-SIM + eSIM"}, {"label": "\\u0411\\u0435\\u0437\\u0434\\u0440\\u043e\\u0442\\u043e\\u0432\\u0456 \\u0442\\u0435\\u0445\\u043d\\u043e\\u043b\\u043e\\u0433\\u0456\\u0457", "value": "Wi-Fi 7, Bluetooth 5.4, NFC, 5G"}, {"label": "\\u041a\\u043e\\u043b\\u0456\\u0440", "value": "Black"}]
101	Sony PlayStation 5 Slim Digital + Dualsense	27799.00	\N	https://img.jabko.ua/image/cache/catalog/products/2026/02/111117/1000050121-300x300.png.webp	new	Ігрові приставки	7	2026-05-07 11:40:31.988428	\N	\N	null
2	Apple iPhone 17 256GB Black	41699.00	\N	https://img.jabko.ua/image/cache/catalog/products/2025/09/092244/tghn-300x300.png.webp	new	Смартфони	22	2026-05-07 03:48:12.807841	Apple iPhone 17 — це еталонний смартфон, що поєднує витончений дизайн у кольорі Black та передові технології Apple. Пристрій оснащений високопродуктивним процесором нового покоління, який забезпечує блискавичну швидкість роботи та ефективну енергоощадність. Вдосконалена система камер дозволяє створювати професійний контент за будь-яких умов освітлення, а надійний захист корпусу робить його ідеальним вибором для активних користувачів. Це надійний інструмент для роботи, творчості та розваг, що відповідає найвищим стандартам якості.	2026-05-18 12:45:43.625638	[{"label": "\\u0414\\u0438\\u0441\\u043f\\u043b\\u0435\\u0439", "value": "6.1 \\u0434\\u044e\\u0439\\u043c\\u0430, Super Retina XDR OLED, 120 \\u0413\\u0446"}, {"label": "\\u041f\\u0440\\u043e\\u0446\\u0435\\u0441\\u043e\\u0440", "value": "Apple A19 Bionic"}, {"label": "\\u041e\\u043f\\u0435\\u0440\\u0430\\u0442\\u0438\\u0432\\u043d\\u0430 \\u043f\\u0430\\u043c'\\u044f\\u0442\\u044c", "value": "8 \\u0413\\u0411"}, {"label": "\\u0412\\u0431\\u0443\\u0434\\u043e\\u0432\\u0430\\u043d\\u0430 \\u043f\\u0430\\u043c'\\u044f\\u0442\\u044c", "value": "256 \\u0413\\u0411"}, {"label": "\\u041e\\u0441\\u043d\\u043e\\u0432\\u043d\\u0430 \\u043a\\u0430\\u043c\\u0435\\u0440\\u0430", "value": "\\u041f\\u043e\\u0434\\u0432\\u0456\\u0439\\u043d\\u0430 \\u0441\\u0438\\u0441\\u0442\\u0435\\u043c\\u0430: 48 \\u041c\\u043f (\\u043e\\u0441\\u043d\\u043e\\u0432\\u043d\\u0430) + 12 \\u041c\\u043f (\\u0443\\u043b\\u044c\\u0442\\u0440\\u0430\\u0448\\u0438\\u0440\\u043e\\u043a\\u043e\\u043a\\u0443\\u0442\\u043d\\u0430)"}, {"label": "\\u0424\\u0440\\u043e\\u043d\\u0442\\u0430\\u043b\\u044c\\u043d\\u0430 \\u043a\\u0430\\u043c\\u0435\\u0440\\u0430", "value": "12 \\u041c\\u043f TrueDepth \\u0437 \\u0430\\u0432\\u0442\\u043e\\u0444\\u043e\\u043a\\u0443\\u0441\\u043e\\u043c"}, {"label": "\\u041e\\u043f\\u0435\\u0440\\u0430\\u0446\\u0456\\u0439\\u043d\\u0430 \\u0441\\u0438\\u0441\\u0442\\u0435\\u043c\\u0430", "value": "iOS 19"}, {"label": "\\u0417\\u0430\\u0445\\u0438\\u0441\\u0442", "value": "IP68 \\u0437\\u0430 \\u0441\\u0442\\u0430\\u043d\\u0434\\u0430\\u0440\\u0442\\u043e\\u043c IEC 60529"}, {"label": "SIM-\\u043a\\u0430\\u0440\\u0442\\u0430", "value": "Dual SIM (nano-SIM \\u0442\\u0430 eSIM)"}, {"label": "\\u0411\\u0435\\u0437\\u0434\\u0440\\u043e\\u0442\\u043e\\u0432\\u0456 \\u0442\\u0435\\u0445\\u043d\\u043e\\u043b\\u043e\\u0433\\u0456\\u0457", "value": "Wi-Fi 7, Bluetooth 5.4, NFC, 5G"}, {"label": "\\u0410\\u043a\\u0443\\u043c\\u0443\\u043b\\u044f\\u0442\\u043e\\u0440", "value": "\\u041b\\u0456\\u0442\\u0456\\u0439-\\u0456\\u043e\\u043d\\u043d\\u0438\\u0439, \\u043f\\u0456\\u0434\\u0442\\u0440\\u0438\\u043c\\u043a\\u0430 MagSafe \\u0442\\u0430 \\u0448\\u0432\\u0438\\u0434\\u043a\\u043e\\u0457 \\u0437\\u0430\\u0440\\u044f\\u0434\\u043a\\u0438"}]
45	AirPods Max USB-C 2024 Orange	23099.00	\N	https://img.jabko.ua/image/cache/catalog/products/2024/09/092318/2-(1)-300x300.jpg.webp	new	Навушники	10	2026-05-06 11:05:00.990773	AirPods Max 2024 — це повнорозмірні навушники преміум-класу, що поєднують фірмовий звук Apple, передове активне шумозаглушення та оновлений порт USB-C для зручнішого заряджання. Пристрій забезпечує вражаючу глибину звучання завдяки H1 чіпу в кожній чашці та персоналізованому просторовому аудіо. Це ідеальний вибір для меломанів та користувачів екосистеми Apple, які цінують бездоганну якість збірки та комфорт при тривалому носінні.	2026-05-18 14:21:03.765894	[{"label": "\\u0422\\u0438\\u043f", "value": "\\u041f\\u043e\\u0432\\u043d\\u043e\\u0440\\u043e\\u0437\\u043c\\u0456\\u0440\\u043d\\u0456, \\u043d\\u0430\\u043a\\u043b\\u0430\\u0434\\u043d\\u0456"}, {"label": "\\u041f\\u0456\\u0434\\u043a\\u043b\\u044e\\u0447\\u0435\\u043d\\u043d\\u044f", "value": "Bluetooth 5.0"}, {"label": "\\u0410\\u043a\\u0442\\u0438\\u0432\\u043d\\u0435 \\u0448\\u0443\\u043c\\u043e\\u0437\\u0430\\u0433\\u043b\\u0443\\u0448\\u0435\\u043d\\u043d\\u044f", "value": "\\u0422\\u0430\\u043a (ANC \\u0437 \\u0440\\u0435\\u0436\\u0438\\u043c\\u043e\\u043c \\u043f\\u0440\\u043e\\u0437\\u043e\\u0440\\u043e\\u0441\\u0442\\u0456)"}, {"label": "\\u0414\\u0440\\u0430\\u0439\\u0432\\u0435\\u0440\\u0438", "value": "40-\\u043c\\u043c \\u0434\\u0438\\u043d\\u0430\\u043c\\u0456\\u0447\\u043d\\u0438\\u0439 \\u0434\\u0440\\u0430\\u0439\\u0432\\u0435\\u0440 Apple"}, {"label": "\\u0427\\u0430\\u0441 \\u0440\\u043e\\u0431\\u043e\\u0442\\u0438", "value": "\\u0414\\u043e 20 \\u0433\\u043e\\u0434\\u0438\\u043d \\u0437 \\u0430\\u043a\\u0442\\u0438\\u0432\\u043d\\u0438\\u043c \\u0448\\u0443\\u043c\\u043e\\u0437\\u0430\\u0433\\u043b\\u0443\\u0448\\u0435\\u043d\\u043d\\u044f\\u043c"}, {"label": "\\u0417\\u0430\\u0440\\u044f\\u0434\\u043a\\u0430", "value": "USB-C"}, {"label": "\\u0427\\u0456\\u043f", "value": "Apple H1 (\\u0432 \\u043a\\u043e\\u0436\\u043d\\u0456\\u0439 \\u0447\\u0430\\u0448\\u0446\\u0456)"}, {"label": "\\u0410\\u0443\\u0434\\u0456\\u043e\\u0442\\u0435\\u0445\\u043d\\u043e\\u043b\\u043e\\u0433\\u0456\\u0457", "value": "\\u041f\\u0435\\u0440\\u0441\\u043e\\u043d\\u0430\\u043b\\u0456\\u0437\\u043e\\u0432\\u0430\\u043d\\u0435 \\u043f\\u0440\\u043e\\u0441\\u0442\\u043e\\u0440\\u043e\\u0432\\u0435 \\u0430\\u0443\\u0434\\u0456\\u043e (Spatial Audio)"}, {"label": "\\u0414\\u0430\\u0442\\u0447\\u0438\\u043a\\u0438", "value": "\\u041e\\u043f\\u0442\\u0438\\u0447\\u043d\\u0438\\u0439 \\u0434\\u0430\\u0442\\u0447\\u0438\\u043a, \\u0434\\u0430\\u0442\\u0447\\u0438\\u043a \\u043f\\u043e\\u043b\\u043e\\u0436\\u0435\\u043d\\u043d\\u044f, \\u0434\\u0430\\u0442\\u0447\\u0438\\u043a \\u0432\\u0438\\u044f\\u0432\\u043b\\u0435\\u043d\\u043d\\u044f \\u0447\\u043e\\u0445\\u043b\\u0430, \\u0430\\u043a\\u0441\\u0435\\u043b\\u0435\\u0440\\u043e\\u043c\\u0435\\u0442\\u0440, \\u0433\\u0456\\u0440\\u043e\\u0441\\u043a\\u043e\\u043f"}, {"label": "\\u041a\\u0456\\u043b\\u044c\\u043a\\u0456\\u0441\\u0442\\u044c \\u043c\\u0456\\u043a\\u0440\\u043e\\u0444\\u043e\\u043d\\u0456\\u0432", "value": "9 \\u043c\\u0456\\u043a\\u0440\\u043e\\u0444\\u043e\\u043d\\u0456\\u0432 \\u0434\\u043b\\u044f ANC \\u0442\\u0430 \\u043f\\u0435\\u0440\\u0435\\u0434\\u0430\\u0447\\u0456 \\u0433\\u043e\\u043b\\u043e\\u0441\\u0443"}, {"label": "\\u0412\\u0430\\u0433\\u0430", "value": "384.8 \\u0433"}, {"label": "\\u041a\\u043e\\u043b\\u0456\\u0440", "value": "Orange (\\u041f\\u043e\\u043c\\u0430\\u0440\\u0430\\u043d\\u0447\\u0435\\u0432\\u0438\\u0439)"}]
\.


--
-- Data for Name: promo_codes; Type: TABLE DATA; Schema: public; Owner: -
--

COPY public.promo_codes (id, code, discount_percent, discount_amount, max_uses, used_count, is_active, expires_at, created_at) FROM stdin;
1	WELCOME10	10	\N	\N	0	t	\N	2026-05-07 15:48:44.79312
2	TECH50	\N	50.00	\N	0	t	\N	2026-05-07 15:48:44.79312
4	EXPIRED	15	\N	\N	0	t	2026-04-07 15:48:31.392866	2026-05-07 15:48:44.79312
5	MAXED	\N	10.00	5	5	t	\N	2026-05-07 15:48:44.79312
3	SUMMER20	20	\N	\N	1	t	\N	2026-05-07 15:48:44.79312
\.


--
-- Data for Name: users; Type: TABLE DATA; Schema: public; Owner: -
--

COPY public.users (id, name, email, phone, password_hash, role, created_at, is_verified, verification_token, token_expires_at) FROM stdin;
1	Суперадмін	admin@techbox.ua	+380670000000	$2b$12$W3VDIq9i4swLPBTS.Jj8IOaBk48N5qebPS3HcVWYonPzC05VN1hP2	superadmin	2026-05-07 15:48:44.79312	t	\N	\N
2	Адміністратор	admin@techbox.com	+380671234567	$2b$12$gyB/St5vFmpMhPOcYP2kZesXbfrvsz3fZf1bz0YqSjbhrEwRozYgW	admin	2026-05-07 15:48:44.79312	t	\N	\N
3	Менеджер Олена	manager@techbox.com	+380672345678	$2b$12$MBWsRlI4mjZUUJEwevru8Oba1wzBvk5zfWdyAXpVs393WcSqr7FLi	manager	2026-05-07 15:48:44.79312	t	\N	\N
5	Test User	test@test.com	+380670000001	$2b$12$QSEUo9Vhkerd7X0TSLhKz.a.nCcYVJ5GvL/i.cRjir1jnRZr4Ckya	customer	2026-05-07 15:48:44.79312	t	\N	\N
6	Тарас Шевченко	taras@example.com	+380674567890	$2b$12$baRFgg.v2MwpKHbnB7ofp.8PuUpWofukVHHK.TjByrxjgglRB.5Sy	customer	2026-05-07 15:48:44.79312	t	\N	\N
7	Леся Українка	lesya@example.com	+380675678901	$2b$12$YlmuM3rJj7ay8J1VYYHEDe/sBMCPuh0ThBtjY5bmDFtxW.XQqkota	customer	2026-05-07 15:48:44.79312	t	\N	\N
8	Іван Франко	franko@example.com	+380676789012	$2b$12$LTMpA8G29AY7ntvpn41jTOHP6t4YjZl545MSeHeVZeLI1qP31dZay	customer	2026-05-07 15:48:44.79312	t	\N	\N
9	Оксана Петренко	oksana.p@example.com	+380677890123	$2b$12$5GxvZ/4J01Egrchk9QVLUeEwih2l5qQCZrwcxpg3ZQTF4VZlKjNuu	customer	2026-05-07 15:48:44.79312	t	\N	\N
10	Андрій Коваленко	andriy.k@example.com	+380678901234	$2b$12$MGtbznTg11d8rau8B92Vx.UVTK95VC/LaOxBhXGLlYtZWsBWXPw4K	customer	2026-05-07 15:48:44.79312	t	\N	\N
11	Марія Бондаренко	maria.b@example.com	+380679012345	$2b$12$tSuO7z7X9RlBFtQk31yw0OvJOQiDKzwC1/HkF968sjVyHTdACNNNG	customer	2026-05-07 15:48:44.79312	t	\N	\N
13	Наталія Шевчук	natalia.sh@example.com	+380671234568	$2b$12$i.d6Kgm9bKMzW5Uq8L.PWOClhxfk2P7fRHu1lGodjcYVcTy20Af06	customer	2026-05-07 15:48:44.79312	t	\N	\N
14	Олександр Мельник	oleksandr.m@example.com	+380672345679	$2b$12$WXEILoxVoq.q4mCC6E/q5.2rJcpHlY4B6tFfLw4jJdE9708jL.FGS	customer	2026-05-07 15:48:44.79312	t	\N	\N
15	Юлія Кравченко	yulia.kr@example.com	+380673456780	$2b$12$j03f91PyemV8Td4z7sEzweKF4mETkFDfqCyUeP9W1VPaNoAMfmhl.	customer	2026-05-07 15:48:44.79312	t	\N	\N
22	Test Verification	vjacheslav.rv+test1@gmail.com	+380670000099	$2b$12$Sz9UNc8UZ1Fby3Jy/1GrAea9x.xNs4zMC/gyWtH40Bav.kZAt1/Fa	customer	2026-05-12 22:36:01.595189	f	63rJsWH_AOkkzvLv7ksnMjweOCAUkpGZTAcjlc8I4z4	2026-05-13 22:36:01.596036
4	Складський Іван	warehouse@techbox.com	+380673456789	$2b$12$JppYy4FrCqKUxHZXW25AxOpUG8ghxPJkTHzeFYhCrFo7nsWxegVMC	manager	2026-05-07 15:48:44.79312	t	\N	\N
26	Максим Антощак	max15284645@gmail.com	+380688071580	$2b$12$i2qlDJbT6CHQAZNfnSVL9OIy6dk.8n6oR2A60tdmkYyXB42n12o5W	customer	2026-05-17 21:29:57.218143	t	\N	\N
28	Петро	petro6574758@gmail.com	+380688071580	$2b$12$JtfJlTdeAK/trYM27G47rutQvZNvZGdaiP5GTm1GgraqftsBm6m.G	customer	2026-05-19 13:40:21.841976	t	\N	\N
29	рпавіапвіа	huaweiprime2.0.1.8y6@gmail.com	+380688071580	$2b$12$oRWhSM7Bbww6zsoQoURg7ucL49Hg9FN7Jovf7ROwnrYyEvP8CXB9a	customer	2026-05-28 22:25:14.761352	t	\N	\N
\.


--
-- Name: order_items_id_seq; Type: SEQUENCE SET; Schema: public; Owner: -
--

SELECT pg_catalog.setval('public.order_items_id_seq', 95, true);


--
-- Name: orders_id_seq; Type: SEQUENCE SET; Schema: public; Owner: -
--

SELECT pg_catalog.setval('public.orders_id_seq', 34, true);


--
-- Name: product_reviews_id_seq; Type: SEQUENCE SET; Schema: public; Owner: -
--

SELECT pg_catalog.setval('public.product_reviews_id_seq', 287, true);


--
-- Name: products_id_seq; Type: SEQUENCE SET; Schema: public; Owner: -
--

SELECT pg_catalog.setval('public.products_id_seq', 120, true);


--
-- Name: promo_codes_id_seq; Type: SEQUENCE SET; Schema: public; Owner: -
--

SELECT pg_catalog.setval('public.promo_codes_id_seq', 5, true);


--
-- Name: users_id_seq; Type: SEQUENCE SET; Schema: public; Owner: -
--

SELECT pg_catalog.setval('public.users_id_seq', 29, true);


--
-- Name: alembic_version alembic_version_pkc; Type: CONSTRAINT; Schema: public; Owner: -
--

ALTER TABLE ONLY public.alembic_version
    ADD CONSTRAINT alembic_version_pkc PRIMARY KEY (version_num);


--
-- Name: order_items order_items_pkey; Type: CONSTRAINT; Schema: public; Owner: -
--

ALTER TABLE ONLY public.order_items
    ADD CONSTRAINT order_items_pkey PRIMARY KEY (id);


--
-- Name: orders orders_pkey; Type: CONSTRAINT; Schema: public; Owner: -
--

ALTER TABLE ONLY public.orders
    ADD CONSTRAINT orders_pkey PRIMARY KEY (id);


--
-- Name: product_reviews product_reviews_pkey; Type: CONSTRAINT; Schema: public; Owner: -
--

ALTER TABLE ONLY public.product_reviews
    ADD CONSTRAINT product_reviews_pkey PRIMARY KEY (id);


--
-- Name: products products_pkey; Type: CONSTRAINT; Schema: public; Owner: -
--

ALTER TABLE ONLY public.products
    ADD CONSTRAINT products_pkey PRIMARY KEY (id);


--
-- Name: promo_codes promo_codes_pkey; Type: CONSTRAINT; Schema: public; Owner: -
--

ALTER TABLE ONLY public.promo_codes
    ADD CONSTRAINT promo_codes_pkey PRIMARY KEY (id);


--
-- Name: users users_pkey; Type: CONSTRAINT; Schema: public; Owner: -
--

ALTER TABLE ONLY public.users
    ADD CONSTRAINT users_pkey PRIMARY KEY (id);


--
-- Name: users users_verification_token_key; Type: CONSTRAINT; Schema: public; Owner: -
--

ALTER TABLE ONLY public.users
    ADD CONSTRAINT users_verification_token_key UNIQUE (verification_token);


--
-- Name: ix_order_items_id; Type: INDEX; Schema: public; Owner: -
--

CREATE INDEX ix_order_items_id ON public.order_items USING btree (id);


--
-- Name: ix_order_items_product_id; Type: INDEX; Schema: public; Owner: -
--

CREATE INDEX ix_order_items_product_id ON public.order_items USING btree (product_id);


--
-- Name: ix_orders_id; Type: INDEX; Schema: public; Owner: -
--

CREATE INDEX ix_orders_id ON public.orders USING btree (id);


--
-- Name: ix_orders_promo_code_id; Type: INDEX; Schema: public; Owner: -
--

CREATE INDEX ix_orders_promo_code_id ON public.orders USING btree (promo_code_id);


--
-- Name: ix_product_reviews_id; Type: INDEX; Schema: public; Owner: -
--

CREATE INDEX ix_product_reviews_id ON public.product_reviews USING btree (id);


--
-- Name: ix_product_reviews_product_id; Type: INDEX; Schema: public; Owner: -
--

CREATE INDEX ix_product_reviews_product_id ON public.product_reviews USING btree (product_id);


--
-- Name: ix_products_category; Type: INDEX; Schema: public; Owner: -
--

CREATE INDEX ix_products_category ON public.products USING btree (category);


--
-- Name: ix_products_id; Type: INDEX; Schema: public; Owner: -
--

CREATE INDEX ix_products_id ON public.products USING btree (id);


--
-- Name: ix_promo_codes_code; Type: INDEX; Schema: public; Owner: -
--

CREATE UNIQUE INDEX ix_promo_codes_code ON public.promo_codes USING btree (code);


--
-- Name: ix_promo_codes_id; Type: INDEX; Schema: public; Owner: -
--

CREATE INDEX ix_promo_codes_id ON public.promo_codes USING btree (id);


--
-- Name: ix_users_email; Type: INDEX; Schema: public; Owner: -
--

CREATE UNIQUE INDEX ix_users_email ON public.users USING btree (email);


--
-- Name: ix_users_id; Type: INDEX; Schema: public; Owner: -
--

CREATE INDEX ix_users_id ON public.users USING btree (id);


--
-- Name: orders fk_orders_promo_code_id; Type: FK CONSTRAINT; Schema: public; Owner: -
--

ALTER TABLE ONLY public.orders
    ADD CONSTRAINT fk_orders_promo_code_id FOREIGN KEY (promo_code_id) REFERENCES public.promo_codes(id) ON DELETE SET NULL;


--
-- Name: order_items order_items_order_id_fkey; Type: FK CONSTRAINT; Schema: public; Owner: -
--

ALTER TABLE ONLY public.order_items
    ADD CONSTRAINT order_items_order_id_fkey FOREIGN KEY (order_id) REFERENCES public.orders(id) ON DELETE CASCADE;


--
-- Name: order_items order_items_product_id_fkey; Type: FK CONSTRAINT; Schema: public; Owner: -
--

ALTER TABLE ONLY public.order_items
    ADD CONSTRAINT order_items_product_id_fkey FOREIGN KEY (product_id) REFERENCES public.products(id) ON DELETE SET NULL;


--
-- Name: orders orders_user_id_fkey; Type: FK CONSTRAINT; Schema: public; Owner: -
--

ALTER TABLE ONLY public.orders
    ADD CONSTRAINT orders_user_id_fkey FOREIGN KEY (user_id) REFERENCES public.users(id) ON DELETE SET NULL;


--
-- Name: product_reviews product_reviews_product_id_fkey; Type: FK CONSTRAINT; Schema: public; Owner: -
--

ALTER TABLE ONLY public.product_reviews
    ADD CONSTRAINT product_reviews_product_id_fkey FOREIGN KEY (product_id) REFERENCES public.products(id) ON DELETE CASCADE;


--
-- Name: product_reviews product_reviews_user_id_fkey; Type: FK CONSTRAINT; Schema: public; Owner: -
--

ALTER TABLE ONLY public.product_reviews
    ADD CONSTRAINT product_reviews_user_id_fkey FOREIGN KEY (user_id) REFERENCES public.users(id) ON DELETE CASCADE;


--
-- PostgreSQL database dump complete
--

\unrestrict K1WTEXRw2fCed4SopwJ8nUTAolDVPFsT91miP0tkMMzxG0FcP92wXPuSmuQfDXr

